f,i,l,e,n,a,m,e,",",l,a,b,e,l
/data/mini_newsgroups/alt.atheism/51121,0
/data/mini_newsgroups/alt.atheism/51126,0
/data/mini_newsgroups/alt.atheism/51127,0
/data/mini_newsgroups/alt.atheism/51131,0
/data/mini_newsgroups/alt.atheism/51139,0
/data/mini_newsgroups/alt.atheism/51143,0
/data/mini_newsgroups/alt.atheism/51146,0
/data/mini_newsgroups/alt.atheism/51166,0
/data/mini_newsgroups/alt.atheism/51170,0
/data/mini_newsgroups/alt.atheism/51174,0
/data/mini_newsgroups/alt.atheism/51186,0
/data/mini_newsgroups/alt.atheism/51191,0
/data/mini_newsgroups/alt.atheism/51195,0
/data/mini_newsgroups/alt.atheism/51199,0
/data/mini_newsgroups/alt.atheism/51203,0
/data/mini_newsgroups/alt.atheism/51222,0
/data/mini_newsgroups/alt.atheism/51223,0
/data/mini_newsgroups/alt.atheism/51227,0
/data/mini_newsgroups/alt.atheism/51251,0
/data/mini_newsgroups/alt.atheism/51281,0
/data/mini_newsgroups/alt.atheism/51305,0
/data/mini_newsgroups/alt.atheism/51310,0
/data/mini_newsgroups/alt.atheism/51313,0
/data/mini_newsgroups/alt.atheism/51314,0
/data/mini_newsgroups/alt.atheism/53061,0
/data/mini_newsgroups/alt.atheism/53062,0
/data/mini_newsgroups/alt.atheism/53123,0
/data/mini_newsgroups/alt.atheism/53126,0
/data/mini_newsgroups/alt.atheism/53150,0
/data/mini_newsgroups/alt.atheism/53154,0
/data/mini_newsgroups/alt.atheism/53188,0
/data/mini_newsgroups/alt.atheism/53190,0
/data/mini_newsgroups/alt.atheism/53211,0
/data/mini_newsgroups/alt.atheism/53212,0
/data/mini_newsgroups/alt.atheism/53222,0
/data/mini_newsgroups/alt.atheism/53235,0
/data/mini_newsgroups/alt.atheism/53249,0
/data/mini_newsgroups/alt.atheism/53284,0
/data/mini_newsgroups/alt.atheism/53291,0
/data/mini_newsgroups/alt.atheism/53299,0
/data/mini_newsgroups/alt.atheism/53303,0
/data/mini_newsgroups/alt.atheism/53312,0
/data/mini_newsgroups/alt.atheism/53334,0
/data/mini_newsgroups/alt.atheism/53336,0
/data/mini_newsgroups/alt.atheism/53351,0
/data/mini_newsgroups/alt.atheism/53358,0
/data/mini_newsgroups/alt.atheism/53369,0
/data/mini_newsgroups/alt.atheism/53393,0
/data/mini_newsgroups/alt.atheism/53399,0
/data/mini_newsgroups/alt.atheism/53408,0
/data/mini_newsgroups/alt.atheism/53410,0
/data/mini_newsgroups/alt.atheism/53420,0
/data/mini_newsgroups/alt.atheism/53427,0
/data/mini_newsgroups/alt.atheism/53433,0
/data/mini_newsgroups/alt.atheism/53458,0
/data/mini_newsgroups/alt.atheism/53459,0
/data/mini_newsgroups/alt.atheism/53474,0
/data/mini_newsgroups/alt.atheism/53490,0
/data/mini_newsgroups/alt.atheism/53509,0
/data/mini_newsgroups/alt.atheism/53512,0
/data/mini_newsgroups/alt.atheism/53518,0
/data/mini_newsgroups/alt.atheism/53525,0
/data/mini_newsgroups/alt.atheism/53538,0
/data/mini_newsgroups/alt.atheism/53539,0
/data/mini_newsgroups/alt.atheism/53542,0
/data/mini_newsgroups/alt.atheism/53558,0
/data/mini_newsgroups/alt.atheism/53564,0
/data/mini_newsgroups/alt.atheism/53565,0
/data/mini_newsgroups/alt.atheism/53574,0
/data/mini_newsgroups/alt.atheism/53575,0
/data/mini_newsgroups/alt.atheism/53590,0
/data/mini_newsgroups/alt.atheism/53599,0
/data/mini_newsgroups/alt.atheism/53603,0
/data/mini_newsgroups/alt.atheism/53606,0
/data/mini_newsgroups/alt.atheism/53607,0
/data/mini_newsgroups/alt.atheism/53610,0
/data/mini_newsgroups/alt.atheism/53623,0
/data/mini_newsgroups/alt.atheism/53633,0
/data/mini_newsgroups/alt.atheism/53653,0
/data/mini_newsgroups/alt.atheism/53659,0
/data/mini_newsgroups/alt.atheism/53670,0
/data/mini_newsgroups/alt.atheism/53753,0
/data/mini_newsgroups/alt.atheism/53759,0
/data/mini_newsgroups/alt.atheism/53760,0
/data/mini_newsgroups/alt.atheism/54137,0
/data/mini_newsgroups/alt.atheism/54140,0
/data/mini_newsgroups/alt.atheism/54144,0
/data/mini_newsgroups/alt.atheism/54160,0
/data/mini_newsgroups/alt.atheism/54170,0
/data/mini_newsgroups/alt.atheism/54171,0
/data/mini_newsgroups/alt.atheism/54201,0
/data/mini_newsgroups/alt.atheism/54215,0
/data/mini_newsgroups/alt.atheism/54222,0
/data/mini_newsgroups/alt.atheism/54234,0
/data/mini_newsgroups/alt.atheism/54237,0
/data/mini_newsgroups/alt.atheism/54244,0
/data/mini_newsgroups/alt.atheism/54250,0
/data/mini_newsgroups/alt.atheism/54251,0
/data/mini_newsgroups/alt.atheism/54254,0
/data/mini_newsgroups/alt.atheism/54485,0
/data/mini_newsgroups/comp.graphics/37916,1
/data/mini_newsgroups/comp.graphics/37921,1
/data/mini_newsgroups/comp.graphics/37930,1
/data/mini_newsgroups/comp.graphics/37936,1
/data/mini_newsgroups/comp.graphics/37942,1
/data/mini_newsgroups/comp.graphics/37944,1
/data/mini_newsgroups/comp.graphics/37947,1
/data/mini_newsgroups/comp.graphics/38220,1
/data/mini_newsgroups/comp.graphics/38224,1
/data/mini_newsgroups/comp.graphics/38244,1
/data/mini_newsgroups/comp.graphics/38251,1
/data/mini_newsgroups/comp.graphics/38264,1
/data/mini_newsgroups/comp.graphics/38266,1
/data/mini_newsgroups/comp.graphics/38271,1
/data/mini_newsgroups/comp.graphics/38355,1
/data/mini_newsgroups/comp.graphics/38369,1
/data/mini_newsgroups/comp.graphics/38370,1
/data/mini_newsgroups/comp.graphics/38375,1
/data/mini_newsgroups/comp.graphics/38379,1
/data/mini_newsgroups/comp.graphics/38380,1
/data/mini_newsgroups/comp.graphics/38386,1
/data/mini_newsgroups/comp.graphics/38402,1
/data/mini_newsgroups/comp.graphics/38409,1
/data/mini_newsgroups/comp.graphics/38421,1
/data/mini_newsgroups/comp.graphics/38439,1
/data/mini_newsgroups/comp.graphics/38454,1
/data/mini_newsgroups/comp.graphics/38459,1
/data/mini_newsgroups/comp.graphics/38464,1
/data/mini_newsgroups/comp.graphics/38466,1
/data/mini_newsgroups/comp.graphics/38470,1
/data/mini_newsgroups/comp.graphics/38473,1
/data/mini_newsgroups/comp.graphics/38489,1
/data/mini_newsgroups/comp.graphics/38491,1
/data/mini_newsgroups/comp.graphics/38518,1
/data/mini_newsgroups/comp.graphics/38562,1
/data/mini_newsgroups/comp.graphics/38571,1
/data/mini_newsgroups/comp.graphics/38573,1
/data/mini_newsgroups/comp.graphics/38577,1
/data/mini_newsgroups/comp.graphics/38603,1
/data/mini_newsgroups/comp.graphics/38606,1
/data/mini_newsgroups/comp.graphics/38613,1
/data/mini_newsgroups/comp.graphics/38622,1
/data/mini_newsgroups/comp.graphics/38625,1
/data/mini_newsgroups/comp.graphics/38628,1
/data/mini_newsgroups/comp.graphics/38636,1
/data/mini_newsgroups/comp.graphics/38670,1
/data/mini_newsgroups/comp.graphics/38674,1
/data/mini_newsgroups/comp.graphics/38683,1
/data/mini_newsgroups/comp.graphics/38693,1
/data/mini_newsgroups/comp.graphics/38699,1
/data/mini_newsgroups/comp.graphics/38700,1
/data/mini_newsgroups/comp.graphics/38704,1
/data/mini_newsgroups/comp.graphics/38709,1
/data/mini_newsgroups/comp.graphics/38750,1
/data/mini_newsgroups/comp.graphics/38753,1
/data/mini_newsgroups/comp.graphics/38755,1
/data/mini_newsgroups/comp.graphics/38758,1
/data/mini_newsgroups/comp.graphics/38761,1
/data/mini_newsgroups/comp.graphics/38788,1
/data/mini_newsgroups/comp.graphics/38835,1
/data/mini_newsgroups/comp.graphics/38839,1
/data/mini_newsgroups/comp.graphics/38843,1
/data/mini_newsgroups/comp.graphics/38845,1
/data/mini_newsgroups/comp.graphics/38846,1
/data/mini_newsgroups/comp.graphics/38853,1
/data/mini_newsgroups/comp.graphics/38856,1
/data/mini_newsgroups/comp.graphics/38867,1
/data/mini_newsgroups/comp.graphics/38880,1
/data/mini_newsgroups/comp.graphics/38884,1
/data/mini_newsgroups/comp.graphics/38893,1
/data/mini_newsgroups/comp.graphics/38904,1
/data/mini_newsgroups/comp.graphics/38907,1
/data/mini_newsgroups/comp.graphics/38921,1
/data/mini_newsgroups/comp.graphics/38925,1
/data/mini_newsgroups/comp.graphics/38929,1
/data/mini_newsgroups/comp.graphics/38936,1
/data/mini_newsgroups/comp.graphics/38942,1
/data/mini_newsgroups/comp.graphics/38965,1
/data/mini_newsgroups/comp.graphics/38968,1
/data/mini_newsgroups/comp.graphics/38980,1
/data/mini_newsgroups/comp.graphics/38983,1
/data/mini_newsgroups/comp.graphics/38998,1
/data/mini_newsgroups/comp.graphics/39000,1
/data/mini_newsgroups/comp.graphics/39008,1
/data/mini_newsgroups/comp.graphics/39013,1
/data/mini_newsgroups/comp.graphics/39017,1
/data/mini_newsgroups/comp.graphics/39022,1
/data/mini_newsgroups/comp.graphics/39027,1
/data/mini_newsgroups/comp.graphics/39048,1
/data/mini_newsgroups/comp.graphics/39049,1
/data/mini_newsgroups/comp.graphics/39072,1
/data/mini_newsgroups/comp.graphics/39078,1
/data/mini_newsgroups/comp.graphics/39615,1
/data/mini_newsgroups/comp.graphics/39620,1
/data/mini_newsgroups/comp.graphics/39621,1
/data/mini_newsgroups/comp.graphics/39659,1
/data/mini_newsgroups/comp.graphics/39663,1
/data/mini_newsgroups/comp.graphics/39664,1
/data/mini_newsgroups/comp.graphics/39668,1
/data/mini_newsgroups/comp.graphics/39675,1
/data/mini_newsgroups/comp.os.ms-windows.misc/10003,2
/data/mini_newsgroups/comp.os.ms-windows.misc/10005,2
/data/mini_newsgroups/comp.os.ms-windows.misc/10008,2
/data/mini_newsgroups/comp.os.ms-windows.misc/10015,2
/data/mini_newsgroups/comp.os.ms-windows.misc/10016,2
/data/mini_newsgroups/comp.os.ms-windows.misc/10023,2
/data/mini_newsgroups/comp.os.ms-windows.misc/10031,2
/data/mini_newsgroups/comp.os.ms-windows.misc/10041,2
/data/mini_newsgroups/comp.os.ms-windows.misc/10047,2
/data/mini_newsgroups/comp.os.ms-windows.misc/10076,2
/data/mini_newsgroups/comp.os.ms-windows.misc/10087,2
/data/mini_newsgroups/comp.os.ms-windows.misc/10090,2
/data/mini_newsgroups/comp.os.ms-windows.misc/10093,2
/data/mini_newsgroups/comp.os.ms-windows.misc/10094,2
/data/mini_newsgroups/comp.os.ms-windows.misc/10107,2
/data/mini_newsgroups/comp.os.ms-windows.misc/10114,2
/data/mini_newsgroups/comp.os.ms-windows.misc/10115,2
/data/mini_newsgroups/comp.os.ms-windows.misc/10125,2
/data/mini_newsgroups/comp.os.ms-windows.misc/10128,2
/data/mini_newsgroups/comp.os.ms-windows.misc/10139,2
/data/mini_newsgroups/comp.os.ms-windows.misc/10141,2
/data/mini_newsgroups/comp.os.ms-windows.misc/10142,2
/data/mini_newsgroups/comp.os.ms-windows.misc/10157,2
/data/mini_newsgroups/comp.os.ms-windows.misc/10158,2
/data/mini_newsgroups/comp.os.ms-windows.misc/10160,2
/data/mini_newsgroups/comp.os.ms-windows.misc/10167,2
/data/mini_newsgroups/comp.os.ms-windows.misc/10188,2
/data/mini_newsgroups/comp.os.ms-windows.misc/10692,2
/data/mini_newsgroups/comp.os.ms-windows.misc/10742,2
/data/mini_newsgroups/comp.os.ms-windows.misc/10781,2
/data/mini_newsgroups/comp.os.ms-windows.misc/10790,2
/data/mini_newsgroups/comp.os.ms-windows.misc/10791,2
/data/mini_newsgroups/comp.os.ms-windows.misc/10806,2
/data/mini_newsgroups/comp.os.ms-windows.misc/10812,2
/data/mini_newsgroups/comp.os.ms-windows.misc/10814,2
/data/mini_newsgroups/comp.os.ms-windows.misc/10830,2
/data/mini_newsgroups/comp.os.ms-windows.misc/10835,2
/data/mini_newsgroups/comp.os.ms-windows.misc/10838,2
/data/mini_newsgroups/comp.os.ms-windows.misc/10843,2
/data/mini_newsgroups/comp.os.ms-windows.misc/10848,2
/data/mini_newsgroups/comp.os.ms-windows.misc/10849,2
/data/mini_newsgroups/comp.os.ms-windows.misc/10850,2
/data/mini_newsgroups/comp.os.ms-windows.misc/10857,2
/data/mini_newsgroups/comp.os.ms-windows.misc/10942,2
/data/mini_newsgroups/comp.os.ms-windows.misc/9141,2
/data/mini_newsgroups/comp.os.ms-windows.misc/9151,2
/data/mini_newsgroups/comp.os.ms-windows.misc/9456,2
/data/mini_newsgroups/comp.os.ms-windows.misc/9479,2
/data/mini_newsgroups/comp.os.ms-windows.misc/9485,2
/data/mini_newsgroups/comp.os.ms-windows.misc/9486,2
/data/mini_newsgroups/comp.os.ms-windows.misc/9496,2
/data/mini_newsgroups/comp.os.ms-windows.misc/9499,2
/data/mini_newsgroups/comp.os.ms-windows.misc/9509,2
/data/mini_newsgroups/comp.os.ms-windows.misc/9512,2
/data/mini_newsgroups/comp.os.ms-windows.misc/9519,2
/data/mini_newsgroups/comp.os.ms-windows.misc/9538,2
/data/mini_newsgroups/comp.os.ms-windows.misc/9539,2
/data/mini_newsgroups/comp.os.ms-windows.misc/9567,2
/data/mini_newsgroups/comp.os.ms-windows.misc/9571,2
/data/mini_newsgroups/comp.os.ms-windows.misc/9586,2
/data/mini_newsgroups/comp.os.ms-windows.misc/9600,2
/data/mini_newsgroups/comp.os.ms-windows.misc/9622,2
/data/mini_newsgroups/comp.os.ms-windows.misc/9639,2
/data/mini_newsgroups/comp.os.ms-windows.misc/9645,2
/data/mini_newsgroups/comp.os.ms-windows.misc/9657,2
/data/mini_newsgroups/comp.os.ms-windows.misc/9667,2
/data/mini_newsgroups/comp.os.ms-windows.misc/9679,2
/data/mini_newsgroups/comp.os.ms-windows.misc/9697,2
/data/mini_newsgroups/comp.os.ms-windows.misc/9704,2
/data/mini_newsgroups/comp.os.ms-windows.misc/9706,2
/data/mini_newsgroups/comp.os.ms-windows.misc/9718,2
/data/mini_newsgroups/comp.os.ms-windows.misc/9725,2
/data/mini_newsgroups/comp.os.ms-windows.misc/9726,2
/data/mini_newsgroups/comp.os.ms-windows.misc/9737,2
/data/mini_newsgroups/comp.os.ms-windows.misc/9744,2
/data/mini_newsgroups/comp.os.ms-windows.misc/9750,2
/data/mini_newsgroups/comp.os.ms-windows.misc/9758,2
/data/mini_newsgroups/comp.os.ms-windows.misc/9776,2
/data/mini_newsgroups/comp.os.ms-windows.misc/9779,2
/data/mini_newsgroups/comp.os.ms-windows.misc/9790,2
/data/mini_newsgroups/comp.os.ms-windows.misc/9799,2
/data/mini_newsgroups/comp.os.ms-windows.misc/9803,2
/data/mini_newsgroups/comp.os.ms-windows.misc/9804,2
/data/mini_newsgroups/comp.os.ms-windows.misc/9814,2
/data/mini_newsgroups/comp.os.ms-windows.misc/9859,2
/data/mini_newsgroups/comp.os.ms-windows.misc/9881,2
/data/mini_newsgroups/comp.os.ms-windows.misc/9883,2
/data/mini_newsgroups/comp.os.ms-windows.misc/9902,2
/data/mini_newsgroups/comp.os.ms-windows.misc/9908,2
/data/mini_newsgroups/comp.os.ms-windows.misc/9911,2
/data/mini_newsgroups/comp.os.ms-windows.misc/9924,2
/data/mini_newsgroups/comp.os.ms-windows.misc/9933,2
/data/mini_newsgroups/comp.os.ms-windows.misc/9939,2
/data/mini_newsgroups/comp.os.ms-windows.misc/9942,2
/data/mini_newsgroups/comp.os.ms-windows.misc/9943,2
/data/mini_newsgroups/comp.os.ms-windows.misc/9970,2
/data/mini_newsgroups/comp.os.ms-windows.misc/9975,2
/data/mini_newsgroups/comp.os.ms-windows.misc/9994,2
/data/mini_newsgroups/comp.os.ms-windows.misc/9995,2
/data/mini_newsgroups/comp.os.ms-windows.misc/9997,2
/data/mini_newsgroups/comp.sys.ibm.pc.hardware/58829,3
/data/mini_newsgroups/comp.sys.ibm.pc.hardware/58831,3
/data/mini_newsgroups/comp.sys.ibm.pc.hardware/58922,3
/data/mini_newsgroups/comp.sys.ibm.pc.hardware/58966,3
/data/mini_newsgroups/comp.sys.ibm.pc.hardware/58983,3
/data/mini_newsgroups/comp.sys.ibm.pc.hardware/58994,3
/data/mini_newsgroups/comp.sys.ibm.pc.hardware/60134,3
/data/mini_newsgroups/comp.sys.ibm.pc.hardware/60137,3
/data/mini_newsgroups/comp.sys.ibm.pc.hardware/60150,3
/data/mini_newsgroups/comp.sys.ibm.pc.hardware/60151,3
/data/mini_newsgroups/comp.sys.ibm.pc.hardware/60154,3
/data/mini_newsgroups/comp.sys.ibm.pc.hardware/60156,3
/data/mini_newsgroups/comp.sys.ibm.pc.hardware/60159,3
/data/mini_newsgroups/comp.sys.ibm.pc.hardware/60191,3
/data/mini_newsgroups/comp.sys.ibm.pc.hardware/60199,3
/data/mini_newsgroups/comp.sys.ibm.pc.hardware/60221,3
/data/mini_newsgroups/comp.sys.ibm.pc.hardware/60232,3
/data/mini_newsgroups/comp.sys.ibm.pc.hardware/60235,3
/data/mini_newsgroups/comp.sys.ibm.pc.hardware/60271,3
/data/mini_newsgroups/comp.sys.ibm.pc.hardware/60273,3
/data/mini_newsgroups/comp.sys.ibm.pc.hardware/60278,3
/data/mini_newsgroups/comp.sys.ibm.pc.hardware/60304,3
/data/mini_newsgroups/comp.sys.ibm.pc.hardware/60369,3
/data/mini_newsgroups/comp.sys.ibm.pc.hardware/60376,3
/data/mini_newsgroups/comp.sys.ibm.pc.hardware/60377,3
/data/mini_newsgroups/comp.sys.ibm.pc.hardware/60389,3
/data/mini_newsgroups/comp.sys.ibm.pc.hardware/60393,3
/data/mini_newsgroups/comp.sys.ibm.pc.hardware/60394,3
/data/mini_newsgroups/comp.sys.ibm.pc.hardware/60404,3
/data/mini_newsgroups/comp.sys.ibm.pc.hardware/60409,3
/data/mini_newsgroups/comp.sys.ibm.pc.hardware/60411,3
/data/mini_newsgroups/comp.sys.ibm.pc.hardware/60425,3
/data/mini_newsgroups/comp.sys.ibm.pc.hardware/60439,3
/data/mini_newsgroups/comp.sys.ibm.pc.hardware/60440,3
/data/mini_newsgroups/comp.sys.ibm.pc.hardware/60453,3
/data/mini_newsgroups/comp.sys.ibm.pc.hardware/60457,3
/data/mini_newsgroups/comp.sys.ibm.pc.hardware/60474,3
/data/mini_newsgroups/comp.sys.ibm.pc.hardware/60475,3
/data/mini_newsgroups/comp.sys.ibm.pc.hardware/60481,3
/data/mini_newsgroups/comp.sys.ibm.pc.hardware/60509,3
/data/mini_newsgroups/comp.sys.ibm.pc.hardware/60514,3
/data/mini_newsgroups/comp.sys.ibm.pc.hardware/60526,3
/data/mini_newsgroups/comp.sys.ibm.pc.hardware/60543,3
/data/mini_newsgroups/comp.sys.ibm.pc.hardware/60548,3
/data/mini_newsgroups/comp.sys.ibm.pc.hardware/60551,3
/data/mini_newsgroups/comp.sys.ibm.pc.hardware/60652,3
/data/mini_newsgroups/comp.sys.ibm.pc.hardware/60656,3
/data/mini_newsgroups/comp.sys.ibm.pc.hardware/60663,3
/data/mini_newsgroups/comp.sys.ibm.pc.hardware/60684,3
/data/mini_newsgroups/comp.sys.ibm.pc.hardware/60685,3
/data/mini_newsgroups/comp.sys.ibm.pc.hardware/60691,3
/data/mini_newsgroups/comp.sys.ibm.pc.hardware/60694,3
/data/mini_newsgroups/comp.sys.ibm.pc.hardware/60695,3
/data/mini_newsgroups/comp.sys.ibm.pc.hardware/60698,3
/data/mini_newsgroups/comp.sys.ibm.pc.hardware/60699,3
/data/mini_newsgroups/comp.sys.ibm.pc.hardware/60722,3
/data/mini_newsgroups/comp.sys.ibm.pc.hardware/60724,3
/data/mini_newsgroups/comp.sys.ibm.pc.hardware/60732,3
/data/mini_newsgroups/comp.sys.ibm.pc.hardware/60735,3
/data/mini_newsgroups/comp.sys.ibm.pc.hardware/60749,3
/data/mini_newsgroups/comp.sys.ibm.pc.hardware/60766,3
/data/mini_newsgroups/comp.sys.ibm.pc.hardware/60769,3
/data/mini_newsgroups/comp.sys.ibm.pc.hardware/60828,3
/data/mini_newsgroups/comp.sys.ibm.pc.hardware/60837,3
/data/mini_newsgroups/comp.sys.ibm.pc.hardware/60838,3
/data/mini_newsgroups/comp.sys.ibm.pc.hardware/60841,3
/data/mini_newsgroups/comp.sys.ibm.pc.hardware/60842,3
/data/mini_newsgroups/comp.sys.ibm.pc.hardware/60859,3
/data/mini_newsgroups/comp.sys.ibm.pc.hardware/60882,3
/data/mini_newsgroups/comp.sys.ibm.pc.hardware/60912,3
/data/mini_newsgroups/comp.sys.ibm.pc.hardware/60928,3
/data/mini_newsgroups/comp.sys.ibm.pc.hardware/60934,3
/data/mini_newsgroups/comp.sys.ibm.pc.hardware/60945,3
/data/mini_newsgroups/comp.sys.ibm.pc.hardware/60961,3
/data/mini_newsgroups/comp.sys.ibm.pc.hardware/60982,3
/data/mini_newsgroups/comp.sys.ibm.pc.hardware/60988,3
/data/mini_newsgroups/comp.sys.ibm.pc.hardware/60992,3
/data/mini_newsgroups/comp.sys.ibm.pc.hardware/60998,3
/data/mini_newsgroups/comp.sys.ibm.pc.hardware/61003,3
/data/mini_newsgroups/comp.sys.ibm.pc.hardware/61009,3
/data/mini_newsgroups/comp.sys.ibm.pc.hardware/61019,3
/data/mini_newsgroups/comp.sys.ibm.pc.hardware/61022,3
/data/mini_newsgroups/comp.sys.ibm.pc.hardware/61026,3
/data/mini_newsgroups/comp.sys.ibm.pc.hardware/61039,3
/data/mini_newsgroups/comp.sys.ibm.pc.hardware/61044,3
/data/mini_newsgroups/comp.sys.ibm.pc.hardware/61046,3
/data/mini_newsgroups/comp.sys.ibm.pc.hardware/61060,3
/data/mini_newsgroups/comp.sys.ibm.pc.hardware/61076,3
/data/mini_newsgroups/comp.sys.ibm.pc.hardware/61090,3
/data/mini_newsgroups/comp.sys.ibm.pc.hardware/61094,3
/data/mini_newsgroups/comp.sys.ibm.pc.hardware/61098,3
/data/mini_newsgroups/comp.sys.ibm.pc.hardware/61120,3
/data/mini_newsgroups/comp.sys.ibm.pc.hardware/61130,3
/data/mini_newsgroups/comp.sys.ibm.pc.hardware/61153,3
/data/mini_newsgroups/comp.sys.ibm.pc.hardware/61154,3
/data/mini_newsgroups/comp.sys.ibm.pc.hardware/61158,3
/data/mini_newsgroups/comp.sys.ibm.pc.hardware/61164,3
/data/mini_newsgroups/comp.sys.ibm.pc.hardware/61168,3
/data/mini_newsgroups/comp.sys.ibm.pc.hardware/61173,3
/data/mini_newsgroups/comp.sys.ibm.pc.hardware/61175,3
/data/mini_newsgroups/comp.sys.mac.hardware/50419,4
/data/mini_newsgroups/comp.sys.mac.hardware/50439,4
/data/mini_newsgroups/comp.sys.mac.hardware/50440,4
/data/mini_newsgroups/comp.sys.mac.hardware/50457,4
/data/mini_newsgroups/comp.sys.mac.hardware/50465,4
/data/mini_newsgroups/comp.sys.mac.hardware/50473,4
/data/mini_newsgroups/comp.sys.mac.hardware/50518,4
/data/mini_newsgroups/comp.sys.mac.hardware/50533,4
/data/mini_newsgroups/comp.sys.mac.hardware/50546,4
/data/mini_newsgroups/comp.sys.mac.hardware/50551,4
/data/mini_newsgroups/comp.sys.mac.hardware/51494,4
/data/mini_newsgroups/comp.sys.mac.hardware/51501,4
/data/mini_newsgroups/comp.sys.mac.hardware/51503,4
/data/mini_newsgroups/comp.sys.mac.hardware/51509,4
/data/mini_newsgroups/comp.sys.mac.hardware/51510,4
/data/mini_newsgroups/comp.sys.mac.hardware/51514,4
/data/mini_newsgroups/comp.sys.mac.hardware/51519,4
/data/mini_newsgroups/comp.sys.mac.hardware/51522,4
/data/mini_newsgroups/comp.sys.mac.hardware/51539,4
/data/mini_newsgroups/comp.sys.mac.hardware/51565,4
/data/mini_newsgroups/comp.sys.mac.hardware/51587,4
/data/mini_newsgroups/comp.sys.mac.hardware/51595,4
/data/mini_newsgroups/comp.sys.mac.hardware/51613,4
/data/mini_newsgroups/comp.sys.mac.hardware/51626,4
/data/mini_newsgroups/comp.sys.mac.hardware/51652,4
/data/mini_newsgroups/comp.sys.mac.hardware/51661,4
/data/mini_newsgroups/comp.sys.mac.hardware/51675,4
/data/mini_newsgroups/comp.sys.mac.hardware/51678,4
/data/mini_newsgroups/comp.sys.mac.hardware/51703,4
/data/mini_newsgroups/comp.sys.mac.hardware/51707,4
/data/mini_newsgroups/comp.sys.mac.hardware/51711,4
/data/mini_newsgroups/comp.sys.mac.hardware/51720,4
/data/mini_newsgroups/comp.sys.mac.hardware/51750,4
/data/mini_newsgroups/comp.sys.mac.hardware/51751,4
/data/mini_newsgroups/comp.sys.mac.hardware/51752,4
/data/mini_newsgroups/comp.sys.mac.hardware/51763,4
/data/mini_newsgroups/comp.sys.mac.hardware/51770,4
/data/mini_newsgroups/comp.sys.mac.hardware/51782,4
/data/mini_newsgroups/comp.sys.mac.hardware/51786,4
/data/mini_newsgroups/comp.sys.mac.hardware/51790,4
/data/mini_newsgroups/comp.sys.mac.hardware/51799,4
/data/mini_newsgroups/comp.sys.mac.hardware/51805,4
/data/mini_newsgroups/comp.sys.mac.hardware/51808,4
/data/mini_newsgroups/comp.sys.mac.hardware/51809,4
/data/mini_newsgroups/comp.sys.mac.hardware/51813,4
/data/mini_newsgroups/comp.sys.mac.hardware/51832,4
/data/mini_newsgroups/comp.sys.mac.hardware/51846,4
/data/mini_newsgroups/comp.sys.mac.hardware/51847,4
/data/mini_newsgroups/comp.sys.mac.hardware/51855,4
/data/mini_newsgroups/comp.sys.mac.hardware/51867,4
/data/mini_newsgroups/comp.sys.mac.hardware/51908,4
/data/mini_newsgroups/comp.sys.mac.hardware/51928,4
/data/mini_newsgroups/comp.sys.mac.hardware/51929,4
/data/mini_newsgroups/comp.sys.mac.hardware/51943,4
/data/mini_newsgroups/comp.sys.mac.hardware/51948,4
/data/mini_newsgroups/comp.sys.mac.hardware/51950,4
/data/mini_newsgroups/comp.sys.mac.hardware/51962,4
/data/mini_newsgroups/comp.sys.mac.hardware/51963,4
/data/mini_newsgroups/comp.sys.mac.hardware/51996,4
/data/mini_newsgroups/comp.sys.mac.hardware/52010,4
/data/mini_newsgroups/comp.sys.mac.hardware/52037,4
/data/mini_newsgroups/comp.sys.mac.hardware/52039,4
/data/mini_newsgroups/comp.sys.mac.hardware/52045,4
/data/mini_newsgroups/comp.sys.mac.hardware/52050,4
/data/mini_newsgroups/comp.sys.mac.hardware/52059,4
/data/mini_newsgroups/comp.sys.mac.hardware/52065,4
/data/mini_newsgroups/comp.sys.mac.hardware/52069,4
/data/mini_newsgroups/comp.sys.mac.hardware/52071,4
/data/mini_newsgroups/comp.sys.mac.hardware/52079,4
/data/mini_newsgroups/comp.sys.mac.hardware/52081,4
/data/mini_newsgroups/comp.sys.mac.hardware/52090,4
/data/mini_newsgroups/comp.sys.mac.hardware/52094,4
/data/mini_newsgroups/comp.sys.mac.hardware/52102,4
/data/mini_newsgroups/comp.sys.mac.hardware/52113,4
/data/mini_newsgroups/comp.sys.mac.hardware/52123,4
/data/mini_newsgroups/comp.sys.mac.hardware/52149,4
/data/mini_newsgroups/comp.sys.mac.hardware/52155,4
/data/mini_newsgroups/comp.sys.mac.hardware/52156,4
/data/mini_newsgroups/comp.sys.mac.hardware/52163,4
/data/mini_newsgroups/comp.sys.mac.hardware/52175,4
/data/mini_newsgroups/comp.sys.mac.hardware/52190,4
/data/mini_newsgroups/comp.sys.mac.hardware/52214,4
/data/mini_newsgroups/comp.sys.mac.hardware/52223,4
/data/mini_newsgroups/comp.sys.mac.hardware/52231,4
/data/mini_newsgroups/comp.sys.mac.hardware/52234,4
/data/mini_newsgroups/comp.sys.mac.hardware/52238,4
/data/mini_newsgroups/comp.sys.mac.hardware/52246,4
/data/mini_newsgroups/comp.sys.mac.hardware/52248,4
/data/mini_newsgroups/comp.sys.mac.hardware/52264,4
/data/mini_newsgroups/comp.sys.mac.hardware/52269,4
/data/mini_newsgroups/comp.sys.mac.hardware/52270,4
/data/mini_newsgroups/comp.sys.mac.hardware/52276,4
/data/mini_newsgroups/comp.sys.mac.hardware/52284,4
/data/mini_newsgroups/comp.sys.mac.hardware/52296,4
/data/mini_newsgroups/comp.sys.mac.hardware/52300,4
/data/mini_newsgroups/comp.sys.mac.hardware/52312,4
/data/mini_newsgroups/comp.sys.mac.hardware/52335,4
/data/mini_newsgroups/comp.sys.mac.hardware/52342,4
/data/mini_newsgroups/comp.sys.mac.hardware/52403,4
/data/mini_newsgroups/comp.sys.mac.hardware/52404,4
/data/mini_newsgroups/comp.windows.x/64830,5
/data/mini_newsgroups/comp.windows.x/66400,5
/data/mini_newsgroups/comp.windows.x/66413,5
/data/mini_newsgroups/comp.windows.x/66420,5
/data/mini_newsgroups/comp.windows.x/66421,5
/data/mini_newsgroups/comp.windows.x/66427,5
/data/mini_newsgroups/comp.windows.x/66437,5
/data/mini_newsgroups/comp.windows.x/66438,5
/data/mini_newsgroups/comp.windows.x/66445,5
/data/mini_newsgroups/comp.windows.x/66453,5
/data/mini_newsgroups/comp.windows.x/66456,5
/data/mini_newsgroups/comp.windows.x/66465,5
/data/mini_newsgroups/comp.windows.x/66467,5
/data/mini_newsgroups/comp.windows.x/66889,5
/data/mini_newsgroups/comp.windows.x/66893,5
/data/mini_newsgroups/comp.windows.x/66905,5
/data/mini_newsgroups/comp.windows.x/66911,5
/data/mini_newsgroups/comp.windows.x/66918,5
/data/mini_newsgroups/comp.windows.x/66931,5
/data/mini_newsgroups/comp.windows.x/66941,5
/data/mini_newsgroups/comp.windows.x/66943,5
/data/mini_newsgroups/comp.windows.x/66944,5
/data/mini_newsgroups/comp.windows.x/66950,5
/data/mini_newsgroups/comp.windows.x/66955,5
/data/mini_newsgroups/comp.windows.x/66964,5
/data/mini_newsgroups/comp.windows.x/66978,5
/data/mini_newsgroups/comp.windows.x/66980,5
/data/mini_newsgroups/comp.windows.x/66981,5
/data/mini_newsgroups/comp.windows.x/66986,5
/data/mini_newsgroups/comp.windows.x/66993,5
/data/mini_newsgroups/comp.windows.x/67016,5
/data/mini_newsgroups/comp.windows.x/67030,5
/data/mini_newsgroups/comp.windows.x/67036,5
/data/mini_newsgroups/comp.windows.x/67052,5
/data/mini_newsgroups/comp.windows.x/67055,5
/data/mini_newsgroups/comp.windows.x/67061,5
/data/mini_newsgroups/comp.windows.x/67063,5
/data/mini_newsgroups/comp.windows.x/67070,5
/data/mini_newsgroups/comp.windows.x/67078,5
/data/mini_newsgroups/comp.windows.x/67081,5
/data/mini_newsgroups/comp.windows.x/67116,5
/data/mini_newsgroups/comp.windows.x/67137,5
/data/mini_newsgroups/comp.windows.x/67140,5
/data/mini_newsgroups/comp.windows.x/67164,5
/data/mini_newsgroups/comp.windows.x/67170,5
/data/mini_newsgroups/comp.windows.x/67171,5
/data/mini_newsgroups/comp.windows.x/67172,5
/data/mini_newsgroups/comp.windows.x/67178,5
/data/mini_newsgroups/comp.windows.x/67185,5
/data/mini_newsgroups/comp.windows.x/67193,5
/data/mini_newsgroups/comp.windows.x/67212,5
/data/mini_newsgroups/comp.windows.x/67220,5
/data/mini_newsgroups/comp.windows.x/67260,5
/data/mini_newsgroups/comp.windows.x/67269,5
/data/mini_newsgroups/comp.windows.x/67270,5
/data/mini_newsgroups/comp.windows.x/67282,5
/data/mini_newsgroups/comp.windows.x/67284,5
/data/mini_newsgroups/comp.windows.x/67297,5
/data/mini_newsgroups/comp.windows.x/67305,5
/data/mini_newsgroups/comp.windows.x/67306,5
/data/mini_newsgroups/comp.windows.x/67319,5
/data/mini_newsgroups/comp.windows.x/67320,5
/data/mini_newsgroups/comp.windows.x/67343,5
/data/mini_newsgroups/comp.windows.x/67346,5
/data/mini_newsgroups/comp.windows.x/67378,5
/data/mini_newsgroups/comp.windows.x/67379,5
/data/mini_newsgroups/comp.windows.x/67380,5
/data/mini_newsgroups/comp.windows.x/67383,5
/data/mini_newsgroups/comp.windows.x/67386,5
/data/mini_newsgroups/comp.windows.x/67402,5
/data/mini_newsgroups/comp.windows.x/67417,5
/data/mini_newsgroups/comp.windows.x/67435,5
/data/mini_newsgroups/comp.windows.x/67448,5
/data/mini_newsgroups/comp.windows.x/67449,5
/data/mini_newsgroups/comp.windows.x/67467,5
/data/mini_newsgroups/comp.windows.x/67486,5
/data/mini_newsgroups/comp.windows.x/67491,5
/data/mini_newsgroups/comp.windows.x/67514,5
/data/mini_newsgroups/comp.windows.x/67516,5
/data/mini_newsgroups/comp.windows.x/67540,5
/data/mini_newsgroups/comp.windows.x/67542,5
/data/mini_newsgroups/comp.windows.x/67572,5
/data/mini_newsgroups/comp.windows.x/67973,5
/data/mini_newsgroups/comp.windows.x/67981,5
/data/mini_newsgroups/comp.windows.x/67983,5
/data/mini_newsgroups/comp.windows.x/67995,5
/data/mini_newsgroups/comp.windows.x/68002,5
/data/mini_newsgroups/comp.windows.x/68012,5
/data/mini_newsgroups/comp.windows.x/68019,5
/data/mini_newsgroups/comp.windows.x/68047,5
/data/mini_newsgroups/comp.windows.x/68110,5
/data/mini_newsgroups/comp.windows.x/68137,5
/data/mini_newsgroups/comp.windows.x/68174,5
/data/mini_newsgroups/comp.windows.x/68185,5
/data/mini_newsgroups/comp.windows.x/68228,5
/data/mini_newsgroups/comp.windows.x/68232,5
/data/mini_newsgroups/comp.windows.x/68237,5
/data/mini_newsgroups/comp.windows.x/68239,5
/data/mini_newsgroups/comp.windows.x/68243,5
/data/mini_newsgroups/comp.windows.x/68311,5
/data/mini_newsgroups/misc.forsale/70337,6
/data/mini_newsgroups/misc.forsale/74731,6
/data/mini_newsgroups/misc.forsale/74745,6
/data/mini_newsgroups/misc.forsale/74755,6
/data/mini_newsgroups/misc.forsale/74767,6
/data/mini_newsgroups/misc.forsale/74794,6
/data/mini_newsgroups/misc.forsale/74797,6
/data/mini_newsgroups/misc.forsale/74801,6
/data/mini_newsgroups/misc.forsale/74804,6
/data/mini_newsgroups/misc.forsale/74817,6
/data/mini_newsgroups/misc.forsale/74819,6
/data/mini_newsgroups/misc.forsale/74820,6
/data/mini_newsgroups/misc.forsale/75051,6
/data/mini_newsgroups/misc.forsale/75853,6
/data/mini_newsgroups/misc.forsale/75858,6
/data/mini_newsgroups/misc.forsale/75862,6
/data/mini_newsgroups/misc.forsale/75867,6
/data/mini_newsgroups/misc.forsale/75891,6
/data/mini_newsgroups/misc.forsale/75906,6
/data/mini_newsgroups/misc.forsale/75916,6
/data/mini_newsgroups/misc.forsale/75917,6
/data/mini_newsgroups/misc.forsale/75936,6
/data/mini_newsgroups/misc.forsale/75941,6
/data/mini_newsgroups/misc.forsale/75942,6
/data/mini_newsgroups/misc.forsale/75943,6
/data/mini_newsgroups/misc.forsale/75964,6
/data/mini_newsgroups/misc.forsale/75971,6
/data/mini_newsgroups/misc.forsale/75974,6
/data/mini_newsgroups/misc.forsale/75987,6
/data/mini_newsgroups/misc.forsale/76006,6
/data/mini_newsgroups/misc.forsale/76019,6
/data/mini_newsgroups/misc.forsale/76022,6
/data/mini_newsgroups/misc.forsale/76025,6
/data/mini_newsgroups/misc.forsale/76027,6
/data/mini_newsgroups/misc.forsale/76051,6
/data/mini_newsgroups/misc.forsale/76062,6
/data/mini_newsgroups/misc.forsale/76083,6
/data/mini_newsgroups/misc.forsale/76090,6
/data/mini_newsgroups/misc.forsale/76094,6
/data/mini_newsgroups/misc.forsale/76117,6
/data/mini_newsgroups/misc.forsale/76120,6
/data/mini_newsgroups/misc.forsale/76133,6
/data/mini_newsgroups/misc.forsale/76137,6
/data/mini_newsgroups/misc.forsale/76138,6
/data/mini_newsgroups/misc.forsale/76147,6
/data/mini_newsgroups/misc.forsale/76166,6
/data/mini_newsgroups/misc.forsale/76173,6
/data/mini_newsgroups/misc.forsale/76197,6
/data/mini_newsgroups/misc.forsale/76203,6
/data/mini_newsgroups/misc.forsale/76213,6
/data/mini_newsgroups/misc.forsale/76254,6
/data/mini_newsgroups/misc.forsale/76257,6
/data/mini_newsgroups/misc.forsale/76261,6
/data/mini_newsgroups/misc.forsale/76279,6
/data/mini_newsgroups/misc.forsale/76285,6
/data/mini_newsgroups/misc.forsale/76287,6
/data/mini_newsgroups/misc.forsale/76296,6
/data/mini_newsgroups/misc.forsale/76297,6
/data/mini_newsgroups/misc.forsale/76299,6
/data/mini_newsgroups/misc.forsale/76300,6
/data/mini_newsgroups/misc.forsale/76307,6
/data/mini_newsgroups/misc.forsale/76333,6
/data/mini_newsgroups/misc.forsale/76348,6
/data/mini_newsgroups/misc.forsale/76353,6
/data/mini_newsgroups/misc.forsale/76358,6
/data/mini_newsgroups/misc.forsale/76378,6
/data/mini_newsgroups/misc.forsale/76406,6
/data/mini_newsgroups/misc.forsale/76417,6
/data/mini_newsgroups/misc.forsale/76419,6
/data/mini_newsgroups/misc.forsale/76420,6
/data/mini_newsgroups/misc.forsale/76431,6
/data/mini_newsgroups/misc.forsale/76441,6
/data/mini_newsgroups/misc.forsale/76460,6
/data/mini_newsgroups/misc.forsale/76478,6
/data/mini_newsgroups/misc.forsale/76483,6
/data/mini_newsgroups/misc.forsale/76485,6
/data/mini_newsgroups/misc.forsale/76499,6
/data/mini_newsgroups/misc.forsale/76505,6
/data/mini_newsgroups/misc.forsale/76514,6
/data/mini_newsgroups/misc.forsale/76555,6
/data/mini_newsgroups/misc.forsale/76589,6
/data/mini_newsgroups/misc.forsale/76592,6
/data/mini_newsgroups/misc.forsale/76594,6
/data/mini_newsgroups/misc.forsale/76607,6
/data/mini_newsgroups/misc.forsale/76649,6
/data/mini_newsgroups/misc.forsale/76704,6
/data/mini_newsgroups/misc.forsale/76782,6
/data/mini_newsgroups/misc.forsale/76785,6
/data/mini_newsgroups/misc.forsale/76795,6
/data/mini_newsgroups/misc.forsale/76814,6
/data/mini_newsgroups/misc.forsale/76831,6
/data/mini_newsgroups/misc.forsale/76847,6
/data/mini_newsgroups/misc.forsale/76851,6
/data/mini_newsgroups/misc.forsale/76879,6
/data/mini_newsgroups/misc.forsale/76880,6
/data/mini_newsgroups/misc.forsale/76927,6
/data/mini_newsgroups/misc.forsale/76936,6
/data/mini_newsgroups/misc.forsale/76937,6
/data/mini_newsgroups/misc.forsale/76940,6
/data/mini_newsgroups/misc.forsale/76945,6
/data/mini_newsgroups/rec.autos/101564,7
/data/mini_newsgroups/rec.autos/101577,7
/data/mini_newsgroups/rec.autos/101592,7
/data/mini_newsgroups/rec.autos/101597,7
/data/mini_newsgroups/rec.autos/101603,7
/data/mini_newsgroups/rec.autos/101609,7
/data/mini_newsgroups/rec.autos/101614,7
/data/mini_newsgroups/rec.autos/101624,7
/data/mini_newsgroups/rec.autos/101628,7
/data/mini_newsgroups/rec.autos/101629,7
/data/mini_newsgroups/rec.autos/101632,7
/data/mini_newsgroups/rec.autos/101633,7
/data/mini_newsgroups/rec.autos/101642,7
/data/mini_newsgroups/rec.autos/101643,7
/data/mini_newsgroups/rec.autos/101655,7
/data/mini_newsgroups/rec.autos/101656,7
/data/mini_newsgroups/rec.autos/101662,7
/data/mini_newsgroups/rec.autos/101668,7
/data/mini_newsgroups/rec.autos/101674,7
/data/mini_newsgroups/rec.autos/101675,7
/data/mini_newsgroups/rec.autos/102732,7
/data/mini_newsgroups/rec.autos/102733,7
/data/mini_newsgroups/rec.autos/102742,7
/data/mini_newsgroups/rec.autos/102768,7
/data/mini_newsgroups/rec.autos/102791,7
/data/mini_newsgroups/rec.autos/102808,7
/data/mini_newsgroups/rec.autos/102852,7
/data/mini_newsgroups/rec.autos/102855,7
/data/mini_newsgroups/rec.autos/102872,7
/data/mini_newsgroups/rec.autos/102888,7
/data/mini_newsgroups/rec.autos/102897,7
/data/mini_newsgroups/rec.autos/102899,7
/data/mini_newsgroups/rec.autos/102906,7
/data/mini_newsgroups/rec.autos/102914,7
/data/mini_newsgroups/rec.autos/102978,7
/data/mini_newsgroups/rec.autos/102981,7
/data/mini_newsgroups/rec.autos/102983,7
/data/mini_newsgroups/rec.autos/102998,7
/data/mini_newsgroups/rec.autos/103002,7
/data/mini_newsgroups/rec.autos/103012,7
/data/mini_newsgroups/rec.autos/103028,7
/data/mini_newsgroups/rec.autos/103037,7
/data/mini_newsgroups/rec.autos/103044,7
/data/mini_newsgroups/rec.autos/103057,7
/data/mini_newsgroups/rec.autos/103061,7
/data/mini_newsgroups/rec.autos/103062,7
/data/mini_newsgroups/rec.autos/103077,7
/data/mini_newsgroups/rec.autos/103091,7
/data/mini_newsgroups/rec.autos/103099,7
/data/mini_newsgroups/rec.autos/103112,7
/data/mini_newsgroups/rec.autos/103113,7
/data/mini_newsgroups/rec.autos/103117,7
/data/mini_newsgroups/rec.autos/103129,7
/data/mini_newsgroups/rec.autos/103141,7
/data/mini_newsgroups/rec.autos/103184,7
/data/mini_newsgroups/rec.autos/103191,7
/data/mini_newsgroups/rec.autos/103209,7
/data/mini_newsgroups/rec.autos/103213,7
/data/mini_newsgroups/rec.autos/103231,7
/data/mini_newsgroups/rec.autos/103234,7
/data/mini_newsgroups/rec.autos/103238,7
/data/mini_newsgroups/rec.autos/103264,7
/data/mini_newsgroups/rec.autos/103280,7
/data/mini_newsgroups/rec.autos/103297,7
/data/mini_newsgroups/rec.autos/103298,7
/data/mini_newsgroups/rec.autos/103310,7
/data/mini_newsgroups/rec.autos/103312,7
/data/mini_newsgroups/rec.autos/103330,7
/data/mini_newsgroups/rec.autos/103333,7
/data/mini_newsgroups/rec.autos/103334,7
/data/mini_newsgroups/rec.autos/103344,7
/data/mini_newsgroups/rec.autos/103345,7
/data/mini_newsgroups/rec.autos/103346,7
/data/mini_newsgroups/rec.autos/103374,7
/data/mini_newsgroups/rec.autos/103382,7
/data/mini_newsgroups/rec.autos/103416,7
/data/mini_newsgroups/rec.autos/103417,7
/data/mini_newsgroups/rec.autos/103421,7
/data/mini_newsgroups/rec.autos/103424,7
/data/mini_newsgroups/rec.autos/103434,7
/data/mini_newsgroups/rec.autos/103440,7
/data/mini_newsgroups/rec.autos/103445,7
/data/mini_newsgroups/rec.autos/103497,7
/data/mini_newsgroups/rec.autos/103503,7
/data/mini_newsgroups/rec.autos/103510,7
/data/mini_newsgroups/rec.autos/103663,7
/data/mini_newsgroups/rec.autos/103667,7
/data/mini_newsgroups/rec.autos/103680,7
/data/mini_newsgroups/rec.autos/103689,7
/data/mini_newsgroups/rec.autos/103698,7
/data/mini_newsgroups/rec.autos/103704,7
/data/mini_newsgroups/rec.autos/103714,7
/data/mini_newsgroups/rec.autos/103723,7
/data/mini_newsgroups/rec.autos/103728,7
/data/mini_newsgroups/rec.autos/103734,7
/data/mini_newsgroups/rec.autos/103740,7
/data/mini_newsgroups/rec.autos/103758,7
/data/mini_newsgroups/rec.autos/103771,7
/data/mini_newsgroups/rec.autos/103777,7
/data/mini_newsgroups/rec.autos/103806,7
/data/mini_newsgroups/rec.motorcycles/103129,8
/data/mini_newsgroups/rec.motorcycles/103140,8
/data/mini_newsgroups/rec.motorcycles/103143,8
/data/mini_newsgroups/rec.motorcycles/103166,8
/data/mini_newsgroups/rec.motorcycles/103175,8
/data/mini_newsgroups/rec.motorcycles/103180,8
/data/mini_newsgroups/rec.motorcycles/103195,8
/data/mini_newsgroups/rec.motorcycles/103197,8
/data/mini_newsgroups/rec.motorcycles/103203,8
/data/mini_newsgroups/rec.motorcycles/103212,8
/data/mini_newsgroups/rec.motorcycles/103239,8
/data/mini_newsgroups/rec.motorcycles/103553,8
/data/mini_newsgroups/rec.motorcycles/104158,8
/data/mini_newsgroups/rec.motorcycles/104292,8
/data/mini_newsgroups/rec.motorcycles/104297,8
/data/mini_newsgroups/rec.motorcycles/104302,8
/data/mini_newsgroups/rec.motorcycles/104323,8
/data/mini_newsgroups/rec.motorcycles/104329,8
/data/mini_newsgroups/rec.motorcycles/104354,8
/data/mini_newsgroups/rec.motorcycles/104382,8
/data/mini_newsgroups/rec.motorcycles/104385,8
/data/mini_newsgroups/rec.motorcycles/104387,8
/data/mini_newsgroups/rec.motorcycles/104390,8
/data/mini_newsgroups/rec.motorcycles/104397,8
/data/mini_newsgroups/rec.motorcycles/104430,8
/data/mini_newsgroups/rec.motorcycles/104450,8
/data/mini_newsgroups/rec.motorcycles/104454,8
/data/mini_newsgroups/rec.motorcycles/104473,8
/data/mini_newsgroups/rec.motorcycles/104485,8
/data/mini_newsgroups/rec.motorcycles/104507,8
/data/mini_newsgroups/rec.motorcycles/104508,8
/data/mini_newsgroups/rec.motorcycles/104509,8
/data/mini_newsgroups/rec.motorcycles/104517,8
/data/mini_newsgroups/rec.motorcycles/104523,8
/data/mini_newsgroups/rec.motorcycles/104534,8
/data/mini_newsgroups/rec.motorcycles/104575,8
/data/mini_newsgroups/rec.motorcycles/104586,8
/data/mini_newsgroups/rec.motorcycles/104592,8
/data/mini_newsgroups/rec.motorcycles/104596,8
/data/mini_newsgroups/rec.motorcycles/104613,8
/data/mini_newsgroups/rec.motorcycles/104616,8
/data/mini_newsgroups/rec.motorcycles/104628,8
/data/mini_newsgroups/rec.motorcycles/104633,8
/data/mini_newsgroups/rec.motorcycles/104639,8
/data/mini_newsgroups/rec.motorcycles/104643,8
/data/mini_newsgroups/rec.motorcycles/104655,8
/data/mini_newsgroups/rec.motorcycles/104658,8
/data/mini_newsgroups/rec.motorcycles/104688,8
/data/mini_newsgroups/rec.motorcycles/104699,8
/data/mini_newsgroups/rec.motorcycles/104703,8
/data/mini_newsgroups/rec.motorcycles/104709,8
/data/mini_newsgroups/rec.motorcycles/104723,8
/data/mini_newsgroups/rec.motorcycles/104752,8
/data/mini_newsgroups/rec.motorcycles/104757,8
/data/mini_newsgroups/rec.motorcycles/104786,8
/data/mini_newsgroups/rec.motorcycles/104787,8
/data/mini_newsgroups/rec.motorcycles/104788,8
/data/mini_newsgroups/rec.motorcycles/104804,8
/data/mini_newsgroups/rec.motorcycles/104805,8
/data/mini_newsgroups/rec.motorcycles/104811,8
/data/mini_newsgroups/rec.motorcycles/104830,8
/data/mini_newsgroups/rec.motorcycles/104840,8
/data/mini_newsgroups/rec.motorcycles/104846,8
/data/mini_newsgroups/rec.motorcycles/104857,8
/data/mini_newsgroups/rec.motorcycles/104863,8
/data/mini_newsgroups/rec.motorcycles/104874,8
/data/mini_newsgroups/rec.motorcycles/104890,8
/data/mini_newsgroups/rec.motorcycles/104892,8
/data/mini_newsgroups/rec.motorcycles/104896,8
/data/mini_newsgroups/rec.motorcycles/104911,8
/data/mini_newsgroups/rec.motorcycles/104944,8
/data/mini_newsgroups/rec.motorcycles/104948,8
/data/mini_newsgroups/rec.motorcycles/104956,8
/data/mini_newsgroups/rec.motorcycles/104960,8
/data/mini_newsgroups/rec.motorcycles/104974,8
/data/mini_newsgroups/rec.motorcycles/105098,8
/data/mini_newsgroups/rec.motorcycles/105101,8
/data/mini_newsgroups/rec.motorcycles/105117,8
/data/mini_newsgroups/rec.motorcycles/105118,8
/data/mini_newsgroups/rec.motorcycles/105129,8
/data/mini_newsgroups/rec.motorcycles/105133,8
/data/mini_newsgroups/rec.motorcycles/105135,8
/data/mini_newsgroups/rec.motorcycles/105140,8
/data/mini_newsgroups/rec.motorcycles/105150,8
/data/mini_newsgroups/rec.motorcycles/105153,8
/data/mini_newsgroups/rec.motorcycles/105154,8
/data/mini_newsgroups/rec.motorcycles/105159,8
/data/mini_newsgroups/rec.motorcycles/105205,8
/data/mini_newsgroups/rec.motorcycles/105207,8
/data/mini_newsgroups/rec.motorcycles/105217,8
/data/mini_newsgroups/rec.motorcycles/105220,8
/data/mini_newsgroups/rec.motorcycles/105223,8
/data/mini_newsgroups/rec.motorcycles/105238,8
/data/mini_newsgroups/rec.motorcycles/105243,8
/data/mini_newsgroups/rec.motorcycles/105249,8
/data/mini_newsgroups/rec.motorcycles/105252,8
/data/mini_newsgroups/rec.motorcycles/105254,8
/data/mini_newsgroups/rec.motorcycles/105257,8
/data/mini_newsgroups/rec.motorcycles/105661,8
/data/mini_newsgroups/rec.motorcycles/105662,8
/data/mini_newsgroups/rec.sport.baseball/102590,9
/data/mini_newsgroups/rec.sport.baseball/102605,9
/data/mini_newsgroups/rec.sport.baseball/102606,9
/data/mini_newsgroups/rec.sport.baseball/102612,9
/data/mini_newsgroups/rec.sport.baseball/102622,9
/data/mini_newsgroups/rec.sport.baseball/102625,9
/data/mini_newsgroups/rec.sport.baseball/102631,9
/data/mini_newsgroups/rec.sport.baseball/102641,9
/data/mini_newsgroups/rec.sport.baseball/102649,9
/data/mini_newsgroups/rec.sport.baseball/102655,9
/data/mini_newsgroups/rec.sport.baseball/102663,9
/data/mini_newsgroups/rec.sport.baseball/102670,9
/data/mini_newsgroups/rec.sport.baseball/102674,9
/data/mini_newsgroups/rec.sport.baseball/102695,9
/data/mini_newsgroups/rec.sport.baseball/102737,9
/data/mini_newsgroups/rec.sport.baseball/103587,9
/data/mini_newsgroups/rec.sport.baseball/104073,9
/data/mini_newsgroups/rec.sport.baseball/104325,9
/data/mini_newsgroups/rec.sport.baseball/104329,9
/data/mini_newsgroups/rec.sport.baseball/104342,9
/data/mini_newsgroups/rec.sport.baseball/104352,9
/data/mini_newsgroups/rec.sport.baseball/104360,9
/data/mini_newsgroups/rec.sport.baseball/104367,9
/data/mini_newsgroups/rec.sport.baseball/104376,9
/data/mini_newsgroups/rec.sport.baseball/104377,9
/data/mini_newsgroups/rec.sport.baseball/104385,9
/data/mini_newsgroups/rec.sport.baseball/104394,9
/data/mini_newsgroups/rec.sport.baseball/104396,9
/data/mini_newsgroups/rec.sport.baseball/104399,9
/data/mini_newsgroups/rec.sport.baseball/104402,9
/data/mini_newsgroups/rec.sport.baseball/104414,9
/data/mini_newsgroups/rec.sport.baseball/104417,9
/data/mini_newsgroups/rec.sport.baseball/104460,9
/data/mini_newsgroups/rec.sport.baseball/104468,9
/data/mini_newsgroups/rec.sport.baseball/104474,9
/data/mini_newsgroups/rec.sport.baseball/104478,9
/data/mini_newsgroups/rec.sport.baseball/104482,9
/data/mini_newsgroups/rec.sport.baseball/104483,9
/data/mini_newsgroups/rec.sport.baseball/104506,9
/data/mini_newsgroups/rec.sport.baseball/104507,9
/data/mini_newsgroups/rec.sport.baseball/104530,9
/data/mini_newsgroups/rec.sport.baseball/104533,9
/data/mini_newsgroups/rec.sport.baseball/104548,9
/data/mini_newsgroups/rec.sport.baseball/104551,9
/data/mini_newsgroups/rec.sport.baseball/104563,9
/data/mini_newsgroups/rec.sport.baseball/104582,9
/data/mini_newsgroups/rec.sport.baseball/104586,9
/data/mini_newsgroups/rec.sport.baseball/104595,9
/data/mini_newsgroups/rec.sport.baseball/104603,9
/data/mini_newsgroups/rec.sport.baseball/104609,9
/data/mini_newsgroups/rec.sport.baseball/104615,9
/data/mini_newsgroups/rec.sport.baseball/104619,9
/data/mini_newsgroups/rec.sport.baseball/104641,9
/data/mini_newsgroups/rec.sport.baseball/104645,9
/data/mini_newsgroups/rec.sport.baseball/104646,9
/data/mini_newsgroups/rec.sport.baseball/104659,9
/data/mini_newsgroups/rec.sport.baseball/104665,9
/data/mini_newsgroups/rec.sport.baseball/104682,9
/data/mini_newsgroups/rec.sport.baseball/104684,9
/data/mini_newsgroups/rec.sport.baseball/104749,9
/data/mini_newsgroups/rec.sport.baseball/104752,9
/data/mini_newsgroups/rec.sport.baseball/104758,9
/data/mini_newsgroups/rec.sport.baseball/104763,9
/data/mini_newsgroups/rec.sport.baseball/104765,9
/data/mini_newsgroups/rec.sport.baseball/104780,9
/data/mini_newsgroups/rec.sport.baseball/104782,9
/data/mini_newsgroups/rec.sport.baseball/104783,9
/data/mini_newsgroups/rec.sport.baseball/104791,9
/data/mini_newsgroups/rec.sport.baseball/104793,9
/data/mini_newsgroups/rec.sport.baseball/104806,9
/data/mini_newsgroups/rec.sport.baseball/104849,9
/data/mini_newsgroups/rec.sport.baseball/104862,9
/data/mini_newsgroups/rec.sport.baseball/104863,9
/data/mini_newsgroups/rec.sport.baseball/104869,9
/data/mini_newsgroups/rec.sport.baseball/104895,9
/data/mini_newsgroups/rec.sport.baseball/104897,9
/data/mini_newsgroups/rec.sport.baseball/104899,9
/data/mini_newsgroups/rec.sport.baseball/104903,9
/data/mini_newsgroups/rec.sport.baseball/104916,9
/data/mini_newsgroups/rec.sport.baseball/104927,9
/data/mini_newsgroups/rec.sport.baseball/104942,9
/data/mini_newsgroups/rec.sport.baseball/104957,9
/data/mini_newsgroups/rec.sport.baseball/104963,9
/data/mini_newsgroups/rec.sport.baseball/104966,9
/data/mini_newsgroups/rec.sport.baseball/104972,9
/data/mini_newsgroups/rec.sport.baseball/104973,9
/data/mini_newsgroups/rec.sport.baseball/104977,9
/data/mini_newsgroups/rec.sport.baseball/104984,9
/data/mini_newsgroups/rec.sport.baseball/105034,9
/data/mini_newsgroups/rec.sport.baseball/105048,9
/data/mini_newsgroups/rec.sport.baseball/105070,9
/data/mini_newsgroups/rec.sport.baseball/105075,9
/data/mini_newsgroups/rec.sport.baseball/105093,9
/data/mini_newsgroups/rec.sport.baseball/105102,9
/data/mini_newsgroups/rec.sport.baseball/105104,9
/data/mini_newsgroups/rec.sport.baseball/105111,9
/data/mini_newsgroups/rec.sport.baseball/105114,9
/data/mini_newsgroups/rec.sport.baseball/105122,9
/data/mini_newsgroups/rec.sport.baseball/105123,9
/data/mini_newsgroups/rec.sport.baseball/105163,9
/data/mini_newsgroups/rec.sport.hockey/52550,10
/data/mini_newsgroups/rec.sport.hockey/52555,10
/data/mini_newsgroups/rec.sport.hockey/52561,10
/data/mini_newsgroups/rec.sport.hockey/52569,10
/data/mini_newsgroups/rec.sport.hockey/52587,10
/data/mini_newsgroups/rec.sport.hockey/52589,10
/data/mini_newsgroups/rec.sport.hockey/52599,10
/data/mini_newsgroups/rec.sport.hockey/52600,10
/data/mini_newsgroups/rec.sport.hockey/52616,10
/data/mini_newsgroups/rec.sport.hockey/52618,10
/data/mini_newsgroups/rec.sport.hockey/52624,10
/data/mini_newsgroups/rec.sport.hockey/52628,10
/data/mini_newsgroups/rec.sport.hockey/52648,10
/data/mini_newsgroups/rec.sport.hockey/52658,10
/data/mini_newsgroups/rec.sport.hockey/52661,10
/data/mini_newsgroups/rec.sport.hockey/52667,10
/data/mini_newsgroups/rec.sport.hockey/52669,10
/data/mini_newsgroups/rec.sport.hockey/53540,10
/data/mini_newsgroups/rec.sport.hockey/53545,10
/data/mini_newsgroups/rec.sport.hockey/53561,10
/data/mini_newsgroups/rec.sport.hockey/53563,10
/data/mini_newsgroups/rec.sport.hockey/53578,10
/data/mini_newsgroups/rec.sport.hockey/53599,10
/data/mini_newsgroups/rec.sport.hockey/53600,10
/data/mini_newsgroups/rec.sport.hockey/53625,10
/data/mini_newsgroups/rec.sport.hockey/53634,10
/data/mini_newsgroups/rec.sport.hockey/53661,10
/data/mini_newsgroups/rec.sport.hockey/53682,10
/data/mini_newsgroups/rec.sport.hockey/53685,10
/data/mini_newsgroups/rec.sport.hockey/53692,10
/data/mini_newsgroups/rec.sport.hockey/53697,10
/data/mini_newsgroups/rec.sport.hockey/53759,10
/data/mini_newsgroups/rec.sport.hockey/53769,10
/data/mini_newsgroups/rec.sport.hockey/53778,10
/data/mini_newsgroups/rec.sport.hockey/53783,10
/data/mini_newsgroups/rec.sport.hockey/53786,10
/data/mini_newsgroups/rec.sport.hockey/53793,10
/data/mini_newsgroups/rec.sport.hockey/53808,10
/data/mini_newsgroups/rec.sport.hockey/53810,10
/data/mini_newsgroups/rec.sport.hockey/53814,10
/data/mini_newsgroups/rec.sport.hockey/53818,10
/data/mini_newsgroups/rec.sport.hockey/53829,10
/data/mini_newsgroups/rec.sport.hockey/53840,10
/data/mini_newsgroups/rec.sport.hockey/53848,10
/data/mini_newsgroups/rec.sport.hockey/53862,10
/data/mini_newsgroups/rec.sport.hockey/53863,10
/data/mini_newsgroups/rec.sport.hockey/53881,10
/data/mini_newsgroups/rec.sport.hockey/53884,10
/data/mini_newsgroups/rec.sport.hockey/53909,10
/data/mini_newsgroups/rec.sport.hockey/53912,10
/data/mini_newsgroups/rec.sport.hockey/53955,10
/data/mini_newsgroups/rec.sport.hockey/53961,10
/data/mini_newsgroups/rec.sport.hockey/53972,10
/data/mini_newsgroups/rec.sport.hockey/54000,10
/data/mini_newsgroups/rec.sport.hockey/54002,10
/data/mini_newsgroups/rec.sport.hockey/54008,10
/data/mini_newsgroups/rec.sport.hockey/54012,10
/data/mini_newsgroups/rec.sport.hockey/54013,10
/data/mini_newsgroups/rec.sport.hockey/54019,10
/data/mini_newsgroups/rec.sport.hockey/54030,10
/data/mini_newsgroups/rec.sport.hockey/54052,10
/data/mini_newsgroups/rec.sport.hockey/54054,10
/data/mini_newsgroups/rec.sport.hockey/54055,10
/data/mini_newsgroups/rec.sport.hockey/54062,10
/data/mini_newsgroups/rec.sport.hockey/54064,10
/data/mini_newsgroups/rec.sport.hockey/54074,10
/data/mini_newsgroups/rec.sport.hockey/54079,10
/data/mini_newsgroups/rec.sport.hockey/54080,10
/data/mini_newsgroups/rec.sport.hockey/54089,10
/data/mini_newsgroups/rec.sport.hockey/54097,10
/data/mini_newsgroups/rec.sport.hockey/54114,10
/data/mini_newsgroups/rec.sport.hockey/54136,10
/data/mini_newsgroups/rec.sport.hockey/54167,10
/data/mini_newsgroups/rec.sport.hockey/54180,10
/data/mini_newsgroups/rec.sport.hockey/54206,10
/data/mini_newsgroups/rec.sport.hockey/54230,10
/data/mini_newsgroups/rec.sport.hockey/54239,10
/data/mini_newsgroups/rec.sport.hockey/54291,10
/data/mini_newsgroups/rec.sport.hockey/54292,10
/data/mini_newsgroups/rec.sport.hockey/54297,10
/data/mini_newsgroups/rec.sport.hockey/54304,10
/data/mini_newsgroups/rec.sport.hockey/54365,10
/data/mini_newsgroups/rec.sport.hockey/54478,10
/data/mini_newsgroups/rec.sport.hockey/54507,10
/data/mini_newsgroups/rec.sport.hockey/54512,10
/data/mini_newsgroups/rec.sport.hockey/54548,10
/data/mini_newsgroups/rec.sport.hockey/54549,10
/data/mini_newsgroups/rec.sport.hockey/54709,10
/data/mini_newsgroups/rec.sport.hockey/54714,10
/data/mini_newsgroups/rec.sport.hockey/54715,10
/data/mini_newsgroups/rec.sport.hockey/54721,10
/data/mini_newsgroups/rec.sport.hockey/54724,10
/data/mini_newsgroups/rec.sport.hockey/54737,10
/data/mini_newsgroups/rec.sport.hockey/54739,10
/data/mini_newsgroups/rec.sport.hockey/54745,10
/data/mini_newsgroups/rec.sport.hockey/54754,10
/data/mini_newsgroups/rec.sport.hockey/54765,10
/data/mini_newsgroups/rec.sport.hockey/54771,10
/data/mini_newsgroups/rec.sport.hockey/54776,10
/data/mini_newsgroups/rec.sport.hockey/54780,10
/data/mini_newsgroups/sci.crypt/14989,11
/data/mini_newsgroups/sci.crypt/15169,11
/data/mini_newsgroups/sci.crypt/15186,11
/data/mini_newsgroups/sci.crypt/15191,11
/data/mini_newsgroups/sci.crypt/15214,11
/data/mini_newsgroups/sci.crypt/15215,11
/data/mini_newsgroups/sci.crypt/15225,11
/data/mini_newsgroups/sci.crypt/15248,11
/data/mini_newsgroups/sci.crypt/15262,11
/data/mini_newsgroups/sci.crypt/15267,11
/data/mini_newsgroups/sci.crypt/15279,11
/data/mini_newsgroups/sci.crypt/15283,11
/data/mini_newsgroups/sci.crypt/15287,11
/data/mini_newsgroups/sci.crypt/15296,11
/data/mini_newsgroups/sci.crypt/15299,11
/data/mini_newsgroups/sci.crypt/15311,11
/data/mini_newsgroups/sci.crypt/15322,11
/data/mini_newsgroups/sci.crypt/15323,11
/data/mini_newsgroups/sci.crypt/15324,11
/data/mini_newsgroups/sci.crypt/15345,11
/data/mini_newsgroups/sci.crypt/15371,11
/data/mini_newsgroups/sci.crypt/15374,11
/data/mini_newsgroups/sci.crypt/15385,11
/data/mini_newsgroups/sci.crypt/15387,11
/data/mini_newsgroups/sci.crypt/15388,11
/data/mini_newsgroups/sci.crypt/15397,11
/data/mini_newsgroups/sci.crypt/15400,11
/data/mini_newsgroups/sci.crypt/15404,11
/data/mini_newsgroups/sci.crypt/15406,11
/data/mini_newsgroups/sci.crypt/15413,11
/data/mini_newsgroups/sci.crypt/15423,11
/data/mini_newsgroups/sci.crypt/15429,11
/data/mini_newsgroups/sci.crypt/15431,11
/data/mini_newsgroups/sci.crypt/15465,11
/data/mini_newsgroups/sci.crypt/15482,11
/data/mini_newsgroups/sci.crypt/15518,11
/data/mini_newsgroups/sci.crypt/15522,11
/data/mini_newsgroups/sci.crypt/15525,11
/data/mini_newsgroups/sci.crypt/15549,11
/data/mini_newsgroups/sci.crypt/15550,11
/data/mini_newsgroups/sci.crypt/15556,11
/data/mini_newsgroups/sci.crypt/15563,11
/data/mini_newsgroups/sci.crypt/15566,11
/data/mini_newsgroups/sci.crypt/15570,11
/data/mini_newsgroups/sci.crypt/15586,11
/data/mini_newsgroups/sci.crypt/15592,11
/data/mini_newsgroups/sci.crypt/15604,11
/data/mini_newsgroups/sci.crypt/15609,11
/data/mini_newsgroups/sci.crypt/15647,11
/data/mini_newsgroups/sci.crypt/15648,11
/data/mini_newsgroups/sci.crypt/15677,11
/data/mini_newsgroups/sci.crypt/15680,11
/data/mini_newsgroups/sci.crypt/15688,11
/data/mini_newsgroups/sci.crypt/15699,11
/data/mini_newsgroups/sci.crypt/15702,11
/data/mini_newsgroups/sci.crypt/15714,11
/data/mini_newsgroups/sci.crypt/15724,11
/data/mini_newsgroups/sci.crypt/15727,11
/data/mini_newsgroups/sci.crypt/15736,11
/data/mini_newsgroups/sci.crypt/15738,11
/data/mini_newsgroups/sci.crypt/15744,11
/data/mini_newsgroups/sci.crypt/15746,11
/data/mini_newsgroups/sci.crypt/15748,11
/data/mini_newsgroups/sci.crypt/15755,11
/data/mini_newsgroups/sci.crypt/15759,11
/data/mini_newsgroups/sci.crypt/15783,11
/data/mini_newsgroups/sci.crypt/15786,11
/data/mini_newsgroups/sci.crypt/15793,11
/data/mini_newsgroups/sci.crypt/15800,11
/data/mini_newsgroups/sci.crypt/15805,11
/data/mini_newsgroups/sci.crypt/15806,11
/data/mini_newsgroups/sci.crypt/15827,11
/data/mini_newsgroups/sci.crypt/15829,11
/data/mini_newsgroups/sci.crypt/15837,11
/data/mini_newsgroups/sci.crypt/15851,11
/data/mini_newsgroups/sci.crypt/15861,11
/data/mini_newsgroups/sci.crypt/15868,11
/data/mini_newsgroups/sci.crypt/15876,11
/data/mini_newsgroups/sci.crypt/15894,11
/data/mini_newsgroups/sci.crypt/15895,11
/data/mini_newsgroups/sci.crypt/15914,11
/data/mini_newsgroups/sci.crypt/15919,11
/data/mini_newsgroups/sci.crypt/15924,11
/data/mini_newsgroups/sci.crypt/15953,11
/data/mini_newsgroups/sci.crypt/15955,11
/data/mini_newsgroups/sci.crypt/15962,11
/data/mini_newsgroups/sci.crypt/15967,11
/data/mini_newsgroups/sci.crypt/15996,11
/data/mini_newsgroups/sci.crypt/16013,11
/data/mini_newsgroups/sci.crypt/16026,11
/data/mini_newsgroups/sci.crypt/16029,11
/data/mini_newsgroups/sci.crypt/16036,11
/data/mini_newsgroups/sci.crypt/16039,11
/data/mini_newsgroups/sci.crypt/16043,11
/data/mini_newsgroups/sci.crypt/16068,11
/data/mini_newsgroups/sci.crypt/16085,11
/data/mini_newsgroups/sci.crypt/16088,11
/data/mini_newsgroups/sci.crypt/16117,11
/data/mini_newsgroups/sci.crypt/16121,11
/data/mini_newsgroups/sci.crypt/16135,11
/data/mini_newsgroups/sci.electronics/52464,12
/data/mini_newsgroups/sci.electronics/52758,12
/data/mini_newsgroups/sci.electronics/52766,12
/data/mini_newsgroups/sci.electronics/52792,12
/data/mini_newsgroups/sci.electronics/52794,12
/data/mini_newsgroups/sci.electronics/52817,12
/data/mini_newsgroups/sci.electronics/52820,12
/data/mini_newsgroups/sci.electronics/52822,12
/data/mini_newsgroups/sci.electronics/52830,12
/data/mini_newsgroups/sci.electronics/53508,12
/data/mini_newsgroups/sci.electronics/53511,12
/data/mini_newsgroups/sci.electronics/53521,12
/data/mini_newsgroups/sci.electronics/53529,12
/data/mini_newsgroups/sci.electronics/53569,12
/data/mini_newsgroups/sci.electronics/53574,12
/data/mini_newsgroups/sci.electronics/53584,12
/data/mini_newsgroups/sci.electronics/53589,12
/data/mini_newsgroups/sci.electronics/53640,12
/data/mini_newsgroups/sci.electronics/53641,12
/data/mini_newsgroups/sci.electronics/53653,12
/data/mini_newsgroups/sci.electronics/53655,12
/data/mini_newsgroups/sci.electronics/53664,12
/data/mini_newsgroups/sci.electronics/53669,12
/data/mini_newsgroups/sci.electronics/53675,12
/data/mini_newsgroups/sci.electronics/53676,12
/data/mini_newsgroups/sci.electronics/53683,12
/data/mini_newsgroups/sci.electronics/53692,12
/data/mini_newsgroups/sci.electronics/53706,12
/data/mini_newsgroups/sci.electronics/53708,12
/data/mini_newsgroups/sci.electronics/53712,12
/data/mini_newsgroups/sci.electronics/53741,12
/data/mini_newsgroups/sci.electronics/53742,12
/data/mini_newsgroups/sci.electronics/53750,12
/data/mini_newsgroups/sci.electronics/53769,12
/data/mini_newsgroups/sci.electronics/53772,12
/data/mini_newsgroups/sci.electronics/53777,12
/data/mini_newsgroups/sci.electronics/53804,12
/data/mini_newsgroups/sci.electronics/53808,12
/data/mini_newsgroups/sci.electronics/53812,12
/data/mini_newsgroups/sci.electronics/53818,12
/data/mini_newsgroups/sci.electronics/53820,12
/data/mini_newsgroups/sci.electronics/53824,12
/data/mini_newsgroups/sci.electronics/53829,12
/data/mini_newsgroups/sci.electronics/53837,12
/data/mini_newsgroups/sci.electronics/53839,12
/data/mini_newsgroups/sci.electronics/53850,12
/data/mini_newsgroups/sci.electronics/53865,12
/data/mini_newsgroups/sci.electronics/53868,12
/data/mini_newsgroups/sci.electronics/53871,12
/data/mini_newsgroups/sci.electronics/53872,12
/data/mini_newsgroups/sci.electronics/53891,12
/data/mini_newsgroups/sci.electronics/53892,12
/data/mini_newsgroups/sci.electronics/53909,12
/data/mini_newsgroups/sci.electronics/53911,12
/data/mini_newsgroups/sci.electronics/53913,12
/data/mini_newsgroups/sci.electronics/53915,12
/data/mini_newsgroups/sci.electronics/53918,12
/data/mini_newsgroups/sci.electronics/53921,12
/data/mini_newsgroups/sci.electronics/53935,12
/data/mini_newsgroups/sci.electronics/53938,12
/data/mini_newsgroups/sci.electronics/53971,12
/data/mini_newsgroups/sci.electronics/53976,12
/data/mini_newsgroups/sci.electronics/53986,12
/data/mini_newsgroups/sci.electronics/54010,12
/data/mini_newsgroups/sci.electronics/54041,12
/data/mini_newsgroups/sci.electronics/54042,12
/data/mini_newsgroups/sci.electronics/54057,12
/data/mini_newsgroups/sci.electronics/54066,12
/data/mini_newsgroups/sci.electronics/54069,12
/data/mini_newsgroups/sci.electronics/54090,12
/data/mini_newsgroups/sci.electronics/54092,12
/data/mini_newsgroups/sci.electronics/54096,12
/data/mini_newsgroups/sci.electronics/54111,12
/data/mini_newsgroups/sci.electronics/54114,12
/data/mini_newsgroups/sci.electronics/54115,12
/data/mini_newsgroups/sci.electronics/54122,12
/data/mini_newsgroups/sci.electronics/54132,12
/data/mini_newsgroups/sci.electronics/54140,12
/data/mini_newsgroups/sci.electronics/54143,12
/data/mini_newsgroups/sci.electronics/54147,12
/data/mini_newsgroups/sci.electronics/54157,12
/data/mini_newsgroups/sci.electronics/54160,12
/data/mini_newsgroups/sci.electronics/54165,12
/data/mini_newsgroups/sci.electronics/54175,12
/data/mini_newsgroups/sci.electronics/54176,12
/data/mini_newsgroups/sci.electronics/54212,12
/data/mini_newsgroups/sci.electronics/54224,12
/data/mini_newsgroups/sci.electronics/54244,12
/data/mini_newsgroups/sci.electronics/54248,12
/data/mini_newsgroups/sci.electronics/54255,12
/data/mini_newsgroups/sci.electronics/54265,12
/data/mini_newsgroups/sci.electronics/54302,12
/data/mini_newsgroups/sci.electronics/54305,12
/data/mini_newsgroups/sci.electronics/54306,12
/data/mini_newsgroups/sci.electronics/54310,12
/data/mini_newsgroups/sci.electronics/54325,12
/data/mini_newsgroups/sci.electronics/54337,12
/data/mini_newsgroups/sci.electronics/54353,12
/data/mini_newsgroups/sci.electronics/54489,12
/data/mini_newsgroups/sci.electronics/54490,12
/data/mini_newsgroups/sci.med/58061,13
/data/mini_newsgroups/sci.med/58070,13
/data/mini_newsgroups/sci.med/58072,13
/data/mini_newsgroups/sci.med/58116,13
/data/mini_newsgroups/sci.med/58118,13
/data/mini_newsgroups/sci.med/58153,13
/data/mini_newsgroups/sci.med/58786,13
/data/mini_newsgroups/sci.med/58791,13
/data/mini_newsgroups/sci.med/58807,13
/data/mini_newsgroups/sci.med/58811,13
/data/mini_newsgroups/sci.med/58826,13
/data/mini_newsgroups/sci.med/58840,13
/data/mini_newsgroups/sci.med/58842,13
/data/mini_newsgroups/sci.med/58852,13
/data/mini_newsgroups/sci.med/58863,13
/data/mini_newsgroups/sci.med/58867,13
/data/mini_newsgroups/sci.med/58875,13
/data/mini_newsgroups/sci.med/58893,13
/data/mini_newsgroups/sci.med/58903,13
/data/mini_newsgroups/sci.med/58915,13
/data/mini_newsgroups/sci.med/58931,13
/data/mini_newsgroups/sci.med/58947,13
/data/mini_newsgroups/sci.med/58951,13
/data/mini_newsgroups/sci.med/58952,13
/data/mini_newsgroups/sci.med/58961,13
/data/mini_newsgroups/sci.med/58988,13
/data/mini_newsgroups/sci.med/58994,13
/data/mini_newsgroups/sci.med/59001,13
/data/mini_newsgroups/sci.med/59002,13
/data/mini_newsgroups/sci.med/59004,13
/data/mini_newsgroups/sci.med/59012,13
/data/mini_newsgroups/sci.med/59026,13
/data/mini_newsgroups/sci.med/59031,13
/data/mini_newsgroups/sci.med/59044,13
/data/mini_newsgroups/sci.med/59058,13
/data/mini_newsgroups/sci.med/59076,13
/data/mini_newsgroups/sci.med/59078,13
/data/mini_newsgroups/sci.med/59092,13
/data/mini_newsgroups/sci.med/59093,13
/data/mini_newsgroups/sci.med/59111,13
/data/mini_newsgroups/sci.med/59121,13
/data/mini_newsgroups/sci.med/59133,13
/data/mini_newsgroups/sci.med/59154,13
/data/mini_newsgroups/sci.med/59161,13
/data/mini_newsgroups/sci.med/59165,13
/data/mini_newsgroups/sci.med/59167,13
/data/mini_newsgroups/sci.med/59171,13
/data/mini_newsgroups/sci.med/59183,13
/data/mini_newsgroups/sci.med/59192,13
/data/mini_newsgroups/sci.med/59197,13
/data/mini_newsgroups/sci.med/59205,13
/data/mini_newsgroups/sci.med/59206,13
/data/mini_newsgroups/sci.med/59212,13
/data/mini_newsgroups/sci.med/59216,13
/data/mini_newsgroups/sci.med/59218,13
/data/mini_newsgroups/sci.med/59222,13
/data/mini_newsgroups/sci.med/59232,13
/data/mini_newsgroups/sci.med/59233,13
/data/mini_newsgroups/sci.med/59261,13
/data/mini_newsgroups/sci.med/59271,13
/data/mini_newsgroups/sci.med/59284,13
/data/mini_newsgroups/sci.med/59287,13
/data/mini_newsgroups/sci.med/59311,13
/data/mini_newsgroups/sci.med/59324,13
/data/mini_newsgroups/sci.med/59345,13
/data/mini_newsgroups/sci.med/59351,13
/data/mini_newsgroups/sci.med/59361,13
/data/mini_newsgroups/sci.med/59366,13
/data/mini_newsgroups/sci.med/59368,13
/data/mini_newsgroups/sci.med/59371,13
/data/mini_newsgroups/sci.med/59376,13
/data/mini_newsgroups/sci.med/59383,13
/data/mini_newsgroups/sci.med/59384,13
/data/mini_newsgroups/sci.med/59393,13
/data/mini_newsgroups/sci.med/59395,13
/data/mini_newsgroups/sci.med/59412,13
/data/mini_newsgroups/sci.med/59413,13
/data/mini_newsgroups/sci.med/59418,13
/data/mini_newsgroups/sci.med/59421,13
/data/mini_newsgroups/sci.med/59422,13
/data/mini_newsgroups/sci.med/59424,13
/data/mini_newsgroups/sci.med/59434,13
/data/mini_newsgroups/sci.med/59435,13
/data/mini_newsgroups/sci.med/59456,13
/data/mini_newsgroups/sci.med/59458,13
/data/mini_newsgroups/sci.med/59460,13
/data/mini_newsgroups/sci.med/59477,13
/data/mini_newsgroups/sci.med/59478,13
/data/mini_newsgroups/sci.med/59480,13
/data/mini_newsgroups/sci.med/59497,13
/data/mini_newsgroups/sci.med/59559,13
/data/mini_newsgroups/sci.med/59575,13
/data/mini_newsgroups/sci.med/59579,13
/data/mini_newsgroups/sci.med/59583,13
/data/mini_newsgroups/sci.med/59584,13
/data/mini_newsgroups/sci.med/59624,13
/data/mini_newsgroups/sci.med/59627,13
/data/mini_newsgroups/sci.med/59632,13
/data/mini_newsgroups/sci.med/59633,13
/data/mini_newsgroups/sci.med/59652,13
/data/mini_newsgroups/sci.space/59848,14
/data/mini_newsgroups/sci.space/59904,14
/data/mini_newsgroups/sci.space/60154,14
/data/mini_newsgroups/sci.space/60171,14
/data/mini_newsgroups/sci.space/60181,14
/data/mini_newsgroups/sci.space/60191,14
/data/mini_newsgroups/sci.space/60222,14
/data/mini_newsgroups/sci.space/60229,14
/data/mini_newsgroups/sci.space/60237,14
/data/mini_newsgroups/sci.space/60243,14
/data/mini_newsgroups/sci.space/60794,14
/data/mini_newsgroups/sci.space/60804,14
/data/mini_newsgroups/sci.space/60821,14
/data/mini_newsgroups/sci.space/60822,14
/data/mini_newsgroups/sci.space/60827,14
/data/mini_newsgroups/sci.space/60834,14
/data/mini_newsgroups/sci.space/60840,14
/data/mini_newsgroups/sci.space/60843,14
/data/mini_newsgroups/sci.space/60913,14
/data/mini_newsgroups/sci.space/60925,14
/data/mini_newsgroups/sci.space/60929,14
/data/mini_newsgroups/sci.space/60937,14
/data/mini_newsgroups/sci.space/60941,14
/data/mini_newsgroups/sci.space/60942,14
/data/mini_newsgroups/sci.space/60944,14
/data/mini_newsgroups/sci.space/60946,14
/data/mini_newsgroups/sci.space/60950,14
/data/mini_newsgroups/sci.space/60960,14
/data/mini_newsgroups/sci.space/60962,14
/data/mini_newsgroups/sci.space/60972,14
/data/mini_newsgroups/sci.space/60976,14
/data/mini_newsgroups/sci.space/60993,14
/data/mini_newsgroups/sci.space/60995,14
/data/mini_newsgroups/sci.space/61009,14
/data/mini_newsgroups/sci.space/61017,14
/data/mini_newsgroups/sci.space/61027,14
/data/mini_newsgroups/sci.space/61038,14
/data/mini_newsgroups/sci.space/61046,14
/data/mini_newsgroups/sci.space/61051,14
/data/mini_newsgroups/sci.space/61057,14
/data/mini_newsgroups/sci.space/61066,14
/data/mini_newsgroups/sci.space/61087,14
/data/mini_newsgroups/sci.space/61106,14
/data/mini_newsgroups/sci.space/61118,14
/data/mini_newsgroups/sci.space/61136,14
/data/mini_newsgroups/sci.space/61145,14
/data/mini_newsgroups/sci.space/61154,14
/data/mini_newsgroups/sci.space/61160,14
/data/mini_newsgroups/sci.space/61165,14
/data/mini_newsgroups/sci.space/61171,14
/data/mini_newsgroups/sci.space/61180,14
/data/mini_newsgroups/sci.space/61187,14
/data/mini_newsgroups/sci.space/61189,14
/data/mini_newsgroups/sci.space/61191,14
/data/mini_newsgroups/sci.space/61192,14
/data/mini_newsgroups/sci.space/61205,14
/data/mini_newsgroups/sci.space/61208,14
/data/mini_newsgroups/sci.space/61215,14
/data/mini_newsgroups/sci.space/61224,14
/data/mini_newsgroups/sci.space/61230,14
/data/mini_newsgroups/sci.space/61236,14
/data/mini_newsgroups/sci.space/61253,14
/data/mini_newsgroups/sci.space/61256,14
/data/mini_newsgroups/sci.space/61262,14
/data/mini_newsgroups/sci.space/61265,14
/data/mini_newsgroups/sci.space/61271,14
/data/mini_newsgroups/sci.space/61272,14
/data/mini_newsgroups/sci.space/61276,14
/data/mini_newsgroups/sci.space/61277,14
/data/mini_newsgroups/sci.space/61293,14
/data/mini_newsgroups/sci.space/61316,14
/data/mini_newsgroups/sci.space/61318,14
/data/mini_newsgroups/sci.space/61324,14
/data/mini_newsgroups/sci.space/61335,14
/data/mini_newsgroups/sci.space/61344,14
/data/mini_newsgroups/sci.space/61352,14
/data/mini_newsgroups/sci.space/61353,14
/data/mini_newsgroups/sci.space/61362,14
/data/mini_newsgroups/sci.space/61363,14
/data/mini_newsgroups/sci.space/61371,14
/data/mini_newsgroups/sci.space/61401,14
/data/mini_newsgroups/sci.space/61404,14
/data/mini_newsgroups/sci.space/61431,14
/data/mini_newsgroups/sci.space/61440,14
/data/mini_newsgroups/sci.space/61450,14
/data/mini_newsgroups/sci.space/61455,14
/data/mini_newsgroups/sci.space/61459,14
/data/mini_newsgroups/sci.space/61461,14
/data/mini_newsgroups/sci.space/61484,14
/data/mini_newsgroups/sci.space/61505,14
/data/mini_newsgroups/sci.space/61532,14
/data/mini_newsgroups/sci.space/61534,14
/data/mini_newsgroups/sci.space/61546,14
/data/mini_newsgroups/sci.space/61558,14
/data/mini_newsgroups/sci.space/62319,14
/data/mini_newsgroups/sci.space/62398,14
/data/mini_newsgroups/sci.space/62408,14
/data/mini_newsgroups/sci.space/62428,14
/data/mini_newsgroups/sci.space/62477,14
/data/mini_newsgroups/sci.space/62480,14
/data/mini_newsgroups/soc.religion.christian/20491,15
/data/mini_newsgroups/soc.religion.christian/20503,15
/data/mini_newsgroups/soc.religion.christian/20506,15
/data/mini_newsgroups/soc.religion.christian/20511,15
/data/mini_newsgroups/soc.religion.christian/20540,15
/data/mini_newsgroups/soc.religion.christian/20554,15
/data/mini_newsgroups/soc.religion.christian/20571,15
/data/mini_newsgroups/soc.religion.christian/20602,15
/data/mini_newsgroups/soc.religion.christian/20603,15
/data/mini_newsgroups/soc.religion.christian/20621,15
/data/mini_newsgroups/soc.religion.christian/20626,15
/data/mini_newsgroups/soc.religion.christian/20629,15
/data/mini_newsgroups/soc.religion.christian/20634,15
/data/mini_newsgroups/soc.religion.christian/20637,15
/data/mini_newsgroups/soc.religion.christian/20657,15
/data/mini_newsgroups/soc.religion.christian/20664,15
/data/mini_newsgroups/soc.religion.christian/20674,15
/data/mini_newsgroups/soc.religion.christian/20689,15
/data/mini_newsgroups/soc.religion.christian/20710,15
/data/mini_newsgroups/soc.religion.christian/20719,15
/data/mini_newsgroups/soc.religion.christian/20724,15
/data/mini_newsgroups/soc.religion.christian/20736,15
/data/mini_newsgroups/soc.religion.christian/20738,15
/data/mini_newsgroups/soc.religion.christian/20742,15
/data/mini_newsgroups/soc.religion.christian/20743,15
/data/mini_newsgroups/soc.religion.christian/20744,15
/data/mini_newsgroups/soc.religion.christian/20767,15
/data/mini_newsgroups/soc.religion.christian/20774,15
/data/mini_newsgroups/soc.religion.christian/20779,15
/data/mini_newsgroups/soc.religion.christian/20798,15
/data/mini_newsgroups/soc.religion.christian/20799,15
/data/mini_newsgroups/soc.religion.christian/20800,15
/data/mini_newsgroups/soc.religion.christian/20801,15
/data/mini_newsgroups/soc.religion.christian/20811,15
/data/mini_newsgroups/soc.religion.christian/20812,15
/data/mini_newsgroups/soc.religion.christian/20850,15
/data/mini_newsgroups/soc.religion.christian/20866,15
/data/mini_newsgroups/soc.religion.christian/20867,15
/data/mini_newsgroups/soc.religion.christian/20886,15
/data/mini_newsgroups/soc.religion.christian/20890,15
/data/mini_newsgroups/soc.religion.christian/20896,15
/data/mini_newsgroups/soc.religion.christian/20898,15
/data/mini_newsgroups/soc.religion.christian/20899,15
/data/mini_newsgroups/soc.religion.christian/20900,15
/data/mini_newsgroups/soc.religion.christian/20914,15
/data/mini_newsgroups/soc.religion.christian/20936,15
/data/mini_newsgroups/soc.religion.christian/20947,15
/data/mini_newsgroups/soc.religion.christian/20952,15
/data/mini_newsgroups/soc.religion.christian/20960,15
/data/mini_newsgroups/soc.religion.christian/20965,15
/data/mini_newsgroups/soc.religion.christian/20976,15
/data/mini_newsgroups/soc.religion.christian/21319,15
/data/mini_newsgroups/soc.religion.christian/21329,15
/data/mini_newsgroups/soc.religion.christian/21334,15
/data/mini_newsgroups/soc.religion.christian/21339,15
/data/mini_newsgroups/soc.religion.christian/21342,15
/data/mini_newsgroups/soc.religion.christian/21373,15
/data/mini_newsgroups/soc.religion.christian/21382,15
/data/mini_newsgroups/soc.religion.christian/21396,15
/data/mini_newsgroups/soc.religion.christian/21407,15
/data/mini_newsgroups/soc.religion.christian/21418,15
/data/mini_newsgroups/soc.religion.christian/21419,15
/data/mini_newsgroups/soc.religion.christian/21451,15
/data/mini_newsgroups/soc.religion.christian/21453,15
/data/mini_newsgroups/soc.religion.christian/21481,15
/data/mini_newsgroups/soc.religion.christian/21493,15
/data/mini_newsgroups/soc.religion.christian/21505,15
/data/mini_newsgroups/soc.religion.christian/21522,15
/data/mini_newsgroups/soc.religion.christian/21524,15
/data/mini_newsgroups/soc.religion.christian/21529,15
/data/mini_newsgroups/soc.religion.christian/21531,15
/data/mini_newsgroups/soc.religion.christian/21535,15
/data/mini_newsgroups/soc.religion.christian/21544,15
/data/mini_newsgroups/soc.religion.christian/21558,15
/data/mini_newsgroups/soc.religion.christian/21559,15
/data/mini_newsgroups/soc.religion.christian/21578,15
/data/mini_newsgroups/soc.religion.christian/21580,15
/data/mini_newsgroups/soc.religion.christian/21585,15
/data/mini_newsgroups/soc.religion.christian/21597,15
/data/mini_newsgroups/soc.religion.christian/21618,15
/data/mini_newsgroups/soc.religion.christian/21621,15
/data/mini_newsgroups/soc.religion.christian/21648,15
/data/mini_newsgroups/soc.religion.christian/21658,15
/data/mini_newsgroups/soc.religion.christian/21663,15
/data/mini_newsgroups/soc.religion.christian/21672,15
/data/mini_newsgroups/soc.religion.christian/21696,15
/data/mini_newsgroups/soc.religion.christian/21698,15
/data/mini_newsgroups/soc.religion.christian/21699,15
/data/mini_newsgroups/soc.religion.christian/21702,15
/data/mini_newsgroups/soc.religion.christian/21708,15
/data/mini_newsgroups/soc.religion.christian/21709,15
/data/mini_newsgroups/soc.religion.christian/21754,15
/data/mini_newsgroups/soc.religion.christian/21761,15
/data/mini_newsgroups/soc.religion.christian/21773,15
/data/mini_newsgroups/soc.religion.christian/21777,15
/data/mini_newsgroups/soc.religion.christian/21784,15
/data/mini_newsgroups/soc.religion.christian/21788,15
/data/mini_newsgroups/soc.religion.christian/21799,15
/data/mini_newsgroups/soc.religion.christian/21800,15
/data/mini_newsgroups/soc.religion.christian/21804,15
/data/mini_newsgroups/talk.politics.guns/53302,16
/data/mini_newsgroups/talk.politics.guns/53304,16
/data/mini_newsgroups/talk.politics.guns/53325,16
/data/mini_newsgroups/talk.politics.guns/53328,16
/data/mini_newsgroups/talk.politics.guns/53329,16
/data/mini_newsgroups/talk.politics.guns/53348,16
/data/mini_newsgroups/talk.politics.guns/53358,16
/data/mini_newsgroups/talk.politics.guns/53369,16
/data/mini_newsgroups/talk.politics.guns/53373,16
/data/mini_newsgroups/talk.politics.guns/54117,16
/data/mini_newsgroups/talk.politics.guns/54138,16
/data/mini_newsgroups/talk.politics.guns/54152,16
/data/mini_newsgroups/talk.politics.guns/54154,16
/data/mini_newsgroups/talk.politics.guns/54164,16
/data/mini_newsgroups/talk.politics.guns/54169,16
/data/mini_newsgroups/talk.politics.guns/54196,16
/data/mini_newsgroups/talk.politics.guns/54200,16
/data/mini_newsgroups/talk.politics.guns/54211,16
/data/mini_newsgroups/talk.politics.guns/54230,16
/data/mini_newsgroups/talk.politics.guns/54238,16
/data/mini_newsgroups/talk.politics.guns/54239,16
/data/mini_newsgroups/talk.politics.guns/54243,16
/data/mini_newsgroups/talk.politics.guns/54248,16
/data/mini_newsgroups/talk.politics.guns/54276,16
/data/mini_newsgroups/talk.politics.guns/54279,16
/data/mini_newsgroups/talk.politics.guns/54297,16
/data/mini_newsgroups/talk.politics.guns/54302,16
/data/mini_newsgroups/talk.politics.guns/54303,16
/data/mini_newsgroups/talk.politics.guns/54312,16
/data/mini_newsgroups/talk.politics.guns/54322,16
/data/mini_newsgroups/talk.politics.guns/54323,16
/data/mini_newsgroups/talk.politics.guns/54342,16
/data/mini_newsgroups/talk.politics.guns/54357,16
/data/mini_newsgroups/talk.politics.guns/54395,16
/data/mini_newsgroups/talk.politics.guns/54402,16
/data/mini_newsgroups/talk.politics.guns/54404,16
/data/mini_newsgroups/talk.politics.guns/54416,16
/data/mini_newsgroups/talk.politics.guns/54417,16
/data/mini_newsgroups/talk.politics.guns/54429,16
/data/mini_newsgroups/talk.politics.guns/54433,16
/data/mini_newsgroups/talk.politics.guns/54446,16
/data/mini_newsgroups/talk.politics.guns/54447,16
/data/mini_newsgroups/talk.politics.guns/54449,16
/data/mini_newsgroups/talk.politics.guns/54450,16
/data/mini_newsgroups/talk.politics.guns/54452,16
/data/mini_newsgroups/talk.politics.guns/54469,16
/data/mini_newsgroups/talk.politics.guns/54479,16
/data/mini_newsgroups/talk.politics.guns/54518,16
/data/mini_newsgroups/talk.politics.guns/54535,16
/data/mini_newsgroups/talk.politics.guns/54538,16
/data/mini_newsgroups/talk.politics.guns/54560,16
/data/mini_newsgroups/talk.politics.guns/54570,16
/data/mini_newsgroups/talk.politics.guns/54586,16
/data/mini_newsgroups/talk.politics.guns/54590,16
/data/mini_newsgroups/talk.politics.guns/54591,16
/data/mini_newsgroups/talk.politics.guns/54592,16
/data/mini_newsgroups/talk.politics.guns/54611,16
/data/mini_newsgroups/talk.politics.guns/54616,16
/data/mini_newsgroups/talk.politics.guns/54624,16
/data/mini_newsgroups/talk.politics.guns/54626,16
/data/mini_newsgroups/talk.politics.guns/54630,16
/data/mini_newsgroups/talk.politics.guns/54633,16
/data/mini_newsgroups/talk.politics.guns/54634,16
/data/mini_newsgroups/talk.politics.guns/54637,16
/data/mini_newsgroups/talk.politics.guns/54659,16
/data/mini_newsgroups/talk.politics.guns/54660,16
/data/mini_newsgroups/talk.politics.guns/54675,16
/data/mini_newsgroups/talk.politics.guns/54697,16
/data/mini_newsgroups/talk.politics.guns/54698,16
/data/mini_newsgroups/talk.politics.guns/54714,16
/data/mini_newsgroups/talk.politics.guns/54715,16
/data/mini_newsgroups/talk.politics.guns/54726,16
/data/mini_newsgroups/talk.politics.guns/54728,16
/data/mini_newsgroups/talk.politics.guns/54748,16
/data/mini_newsgroups/talk.politics.guns/54843,16
/data/mini_newsgroups/talk.politics.guns/54860,16
/data/mini_newsgroups/talk.politics.guns/54861,16
/data/mini_newsgroups/talk.politics.guns/54875,16
/data/mini_newsgroups/talk.politics.guns/54877,16
/data/mini_newsgroups/talk.politics.guns/54956,16
/data/mini_newsgroups/talk.politics.guns/55036,16
/data/mini_newsgroups/talk.politics.guns/55060,16
/data/mini_newsgroups/talk.politics.guns/55063,16
/data/mini_newsgroups/talk.politics.guns/55068,16
/data/mini_newsgroups/talk.politics.guns/55073,16
/data/mini_newsgroups/talk.politics.guns/55080,16
/data/mini_newsgroups/talk.politics.guns/55106,16
/data/mini_newsgroups/talk.politics.guns/55115,16
/data/mini_newsgroups/talk.politics.guns/55116,16
/data/mini_newsgroups/talk.politics.guns/55123,16
/data/mini_newsgroups/talk.politics.guns/55231,16
/data/mini_newsgroups/talk.politics.guns/55239,16
/data/mini_newsgroups/talk.politics.guns/55249,16
/data/mini_newsgroups/talk.politics.guns/55260,16
/data/mini_newsgroups/talk.politics.guns/55264,16
/data/mini_newsgroups/talk.politics.guns/55278,16
/data/mini_newsgroups/talk.politics.guns/55468,16
/data/mini_newsgroups/talk.politics.guns/55470,16
/data/mini_newsgroups/talk.politics.guns/55484,16
/data/mini_newsgroups/talk.politics.guns/55489,16
/data/mini_newsgroups/talk.politics.mideast/75369,17
/data/mini_newsgroups/talk.politics.mideast/75388,17
/data/mini_newsgroups/talk.politics.mideast/75394,17
/data/mini_newsgroups/talk.politics.mideast/75396,17
/data/mini_newsgroups/talk.politics.mideast/75875,17
/data/mini_newsgroups/talk.politics.mideast/75895,17
/data/mini_newsgroups/talk.politics.mideast/75901,17
/data/mini_newsgroups/talk.politics.mideast/75910,17
/data/mini_newsgroups/talk.politics.mideast/75913,17
/data/mini_newsgroups/talk.politics.mideast/75916,17
/data/mini_newsgroups/talk.politics.mideast/75917,17
/data/mini_newsgroups/talk.politics.mideast/75918,17
/data/mini_newsgroups/talk.politics.mideast/75920,17
/data/mini_newsgroups/talk.politics.mideast/75929,17
/data/mini_newsgroups/talk.politics.mideast/75938,17
/data/mini_newsgroups/talk.politics.mideast/75942,17
/data/mini_newsgroups/talk.politics.mideast/75943,17
/data/mini_newsgroups/talk.politics.mideast/75952,17
/data/mini_newsgroups/talk.politics.mideast/75956,17
/data/mini_newsgroups/talk.politics.mideast/75963,17
/data/mini_newsgroups/talk.politics.mideast/75966,17
/data/mini_newsgroups/talk.politics.mideast/75972,17
/data/mini_newsgroups/talk.politics.mideast/75976,17
/data/mini_newsgroups/talk.politics.mideast/75979,17
/data/mini_newsgroups/talk.politics.mideast/75982,17
/data/mini_newsgroups/talk.politics.mideast/76014,17
/data/mini_newsgroups/talk.politics.mideast/76020,17
/data/mini_newsgroups/talk.politics.mideast/76047,17
/data/mini_newsgroups/talk.politics.mideast/76062,17
/data/mini_newsgroups/talk.politics.mideast/76068,17
/data/mini_newsgroups/talk.politics.mideast/76073,17
/data/mini_newsgroups/talk.politics.mideast/76080,17
/data/mini_newsgroups/talk.politics.mideast/76082,17
/data/mini_newsgroups/talk.politics.mideast/76105,17
/data/mini_newsgroups/talk.politics.mideast/76113,17
/data/mini_newsgroups/talk.politics.mideast/76120,17
/data/mini_newsgroups/talk.politics.mideast/76121,17
/data/mini_newsgroups/talk.politics.mideast/76152,17
/data/mini_newsgroups/talk.politics.mideast/76154,17
/data/mini_newsgroups/talk.politics.mideast/76160,17
/data/mini_newsgroups/talk.politics.mideast/76166,17
/data/mini_newsgroups/talk.politics.mideast/76179,17
/data/mini_newsgroups/talk.politics.mideast/76197,17
/data/mini_newsgroups/talk.politics.mideast/76205,17
/data/mini_newsgroups/talk.politics.mideast/76213,17
/data/mini_newsgroups/talk.politics.mideast/76222,17
/data/mini_newsgroups/talk.politics.mideast/76233,17
/data/mini_newsgroups/talk.politics.mideast/76242,17
/data/mini_newsgroups/talk.politics.mideast/76249,17
/data/mini_newsgroups/talk.politics.mideast/76271,17
/data/mini_newsgroups/talk.politics.mideast/76277,17
/data/mini_newsgroups/talk.politics.mideast/76284,17
/data/mini_newsgroups/talk.politics.mideast/76285,17
/data/mini_newsgroups/talk.politics.mideast/76320,17
/data/mini_newsgroups/talk.politics.mideast/76322,17
/data/mini_newsgroups/talk.politics.mideast/76369,17
/data/mini_newsgroups/talk.politics.mideast/76372,17
/data/mini_newsgroups/talk.politics.mideast/76374,17
/data/mini_newsgroups/talk.politics.mideast/76389,17
/data/mini_newsgroups/talk.politics.mideast/76395,17
/data/mini_newsgroups/talk.politics.mideast/76398,17
/data/mini_newsgroups/talk.politics.mideast/76401,17
/data/mini_newsgroups/talk.politics.mideast/76403,17
/data/mini_newsgroups/talk.politics.mideast/76410,17
/data/mini_newsgroups/talk.politics.mideast/76416,17
/data/mini_newsgroups/talk.politics.mideast/76424,17
/data/mini_newsgroups/talk.politics.mideast/76435,17
/data/mini_newsgroups/talk.politics.mideast/76444,17
/data/mini_newsgroups/talk.politics.mideast/76456,17
/data/mini_newsgroups/talk.politics.mideast/76458,17
/data/mini_newsgroups/talk.politics.mideast/76495,17
/data/mini_newsgroups/talk.politics.mideast/76498,17
/data/mini_newsgroups/talk.politics.mideast/76500,17
/data/mini_newsgroups/talk.politics.mideast/76501,17
/data/mini_newsgroups/talk.politics.mideast/76504,17
/data/mini_newsgroups/talk.politics.mideast/76508,17
/data/mini_newsgroups/talk.politics.mideast/76516,17
/data/mini_newsgroups/talk.politics.mideast/76517,17
/data/mini_newsgroups/talk.politics.mideast/76542,17
/data/mini_newsgroups/talk.politics.mideast/76544,17
/data/mini_newsgroups/talk.politics.mideast/76548,17
/data/mini_newsgroups/talk.politics.mideast/76557,17
/data/mini_newsgroups/talk.politics.mideast/77177,17
/data/mini_newsgroups/talk.politics.mideast/77203,17
/data/mini_newsgroups/talk.politics.mideast/77212,17
/data/mini_newsgroups/talk.politics.mideast/77218,17
/data/mini_newsgroups/talk.politics.mideast/77232,17
/data/mini_newsgroups/talk.politics.mideast/77235,17
/data/mini_newsgroups/talk.politics.mideast/77250,17
/data/mini_newsgroups/talk.politics.mideast/77272,17
/data/mini_newsgroups/talk.politics.mideast/77275,17
/data/mini_newsgroups/talk.politics.mideast/77288,17
/data/mini_newsgroups/talk.politics.mideast/77305,17
/data/mini_newsgroups/talk.politics.mideast/77322,17
/data/mini_newsgroups/talk.politics.mideast/77332,17
/data/mini_newsgroups/talk.politics.mideast/77383,17
/data/mini_newsgroups/talk.politics.mideast/77387,17
/data/mini_newsgroups/talk.politics.mideast/77392,17
/data/mini_newsgroups/talk.politics.mideast/77813,17
/data/mini_newsgroups/talk.politics.mideast/77815,17
/data/mini_newsgroups/talk.politics.misc/176869,18
/data/mini_newsgroups/talk.politics.misc/176878,18
/data/mini_newsgroups/talk.politics.misc/176881,18
/data/mini_newsgroups/talk.politics.misc/176884,18
/data/mini_newsgroups/talk.politics.misc/176886,18
/data/mini_newsgroups/talk.politics.misc/176895,18
/data/mini_newsgroups/talk.politics.misc/176904,18
/data/mini_newsgroups/talk.politics.misc/176916,18
/data/mini_newsgroups/talk.politics.misc/176926,18
/data/mini_newsgroups/talk.politics.misc/176930,18
/data/mini_newsgroups/talk.politics.misc/176951,18
/data/mini_newsgroups/talk.politics.misc/176956,18
/data/mini_newsgroups/talk.politics.misc/176982,18
/data/mini_newsgroups/talk.politics.misc/176983,18
/data/mini_newsgroups/talk.politics.misc/176984,18
/data/mini_newsgroups/talk.politics.misc/176986,18
/data/mini_newsgroups/talk.politics.misc/176988,18
/data/mini_newsgroups/talk.politics.misc/177008,18
/data/mini_newsgroups/talk.politics.misc/178301,18
/data/mini_newsgroups/talk.politics.misc/178309,18
/data/mini_newsgroups/talk.politics.misc/178318,18
/data/mini_newsgroups/talk.politics.misc/178327,18
/data/mini_newsgroups/talk.politics.misc/178337,18
/data/mini_newsgroups/talk.politics.misc/178341,18
/data/mini_newsgroups/talk.politics.misc/178349,18
/data/mini_newsgroups/talk.politics.misc/178360,18
/data/mini_newsgroups/talk.politics.misc/178361,18
/data/mini_newsgroups/talk.politics.misc/178368,18
/data/mini_newsgroups/talk.politics.misc/178382,18
/data/mini_newsgroups/talk.politics.misc/178390,18
/data/mini_newsgroups/talk.politics.misc/178433,18
/data/mini_newsgroups/talk.politics.misc/178447,18
/data/mini_newsgroups/talk.politics.misc/178451,18
/data/mini_newsgroups/talk.politics.misc/178455,18
/data/mini_newsgroups/talk.politics.misc/178481,18
/data/mini_newsgroups/talk.politics.misc/178487,18
/data/mini_newsgroups/talk.politics.misc/178489,18
/data/mini_newsgroups/talk.politics.misc/178517,18
/data/mini_newsgroups/talk.politics.misc/178522,18
/data/mini_newsgroups/talk.politics.misc/178527,18
/data/mini_newsgroups/talk.politics.misc/178532,18
/data/mini_newsgroups/talk.politics.misc/178556,18
/data/mini_newsgroups/talk.politics.misc/178560,18
/data/mini_newsgroups/talk.politics.misc/178564,18
/data/mini_newsgroups/talk.politics.misc/178566,18
/data/mini_newsgroups/talk.politics.misc/178569,18
/data/mini_newsgroups/talk.politics.misc/178571,18
/data/mini_newsgroups/talk.politics.misc/178579,18
/data/mini_newsgroups/talk.politics.misc/178606,18
/data/mini_newsgroups/talk.politics.misc/178610,18
/data/mini_newsgroups/talk.politics.misc/178622,18
/data/mini_newsgroups/talk.politics.misc/178631,18
/data/mini_newsgroups/talk.politics.misc/178654,18
/data/mini_newsgroups/talk.politics.misc/178656,18
/data/mini_newsgroups/talk.politics.misc/178661,18
/data/mini_newsgroups/talk.politics.misc/178668,18
/data/mini_newsgroups/talk.politics.misc/178678,18
/data/mini_newsgroups/talk.politics.misc/178682,18
/data/mini_newsgroups/talk.politics.misc/178699,18
/data/mini_newsgroups/talk.politics.misc/178718,18
/data/mini_newsgroups/talk.politics.misc/178721,18
/data/mini_newsgroups/talk.politics.misc/178731,18
/data/mini_newsgroups/talk.politics.misc/178738,18
/data/mini_newsgroups/talk.politics.misc/178745,18
/data/mini_newsgroups/talk.politics.misc/178751,18
/data/mini_newsgroups/talk.politics.misc/178765,18
/data/mini_newsgroups/talk.politics.misc/178769,18
/data/mini_newsgroups/talk.politics.misc/178775,18
/data/mini_newsgroups/talk.politics.misc/178788,18
/data/mini_newsgroups/talk.politics.misc/178789,18
/data/mini_newsgroups/talk.politics.misc/178792,18
/data/mini_newsgroups/talk.politics.misc/178793,18
/data/mini_newsgroups/talk.politics.misc/178799,18
/data/mini_newsgroups/talk.politics.misc/178801,18
/data/mini_newsgroups/talk.politics.misc/178813,18
/data/mini_newsgroups/talk.politics.misc/178824,18
/data/mini_newsgroups/talk.politics.misc/178837,18
/data/mini_newsgroups/talk.politics.misc/178851,18
/data/mini_newsgroups/talk.politics.misc/178862,18
/data/mini_newsgroups/talk.politics.misc/178865,18
/data/mini_newsgroups/talk.politics.misc/178870,18
/data/mini_newsgroups/talk.politics.misc/178887,18
/data/mini_newsgroups/talk.politics.misc/178906,18
/data/mini_newsgroups/talk.politics.misc/178907,18
/data/mini_newsgroups/talk.politics.misc/178924,18
/data/mini_newsgroups/talk.politics.misc/178927,18
/data/mini_newsgroups/talk.politics.misc/178939,18
/data/mini_newsgroups/talk.politics.misc/178945,18
/data/mini_newsgroups/talk.politics.misc/178960,18
/data/mini_newsgroups/talk.politics.misc/178965,18
/data/mini_newsgroups/talk.politics.misc/178993,18
/data/mini_newsgroups/talk.politics.misc/178994,18
/data/mini_newsgroups/talk.politics.misc/178997,18
/data/mini_newsgroups/talk.politics.misc/178998,18
/data/mini_newsgroups/talk.politics.misc/179018,18
/data/mini_newsgroups/talk.politics.misc/179066,18
/data/mini_newsgroups/talk.politics.misc/179067,18
/data/mini_newsgroups/talk.politics.misc/179070,18
/data/mini_newsgroups/talk.politics.misc/179095,18
/data/mini_newsgroups/talk.politics.misc/179097,18
/data/mini_newsgroups/talk.religion.misc/82758,19
/data/mini_newsgroups/talk.religion.misc/82764,19
/data/mini_newsgroups/talk.religion.misc/82796,19
/data/mini_newsgroups/talk.religion.misc/82799,19
/data/mini_newsgroups/talk.religion.misc/82804,19
/data/mini_newsgroups/talk.religion.misc/82812,19
/data/mini_newsgroups/talk.religion.misc/83435,19
/data/mini_newsgroups/talk.religion.misc/83437,19
/data/mini_newsgroups/talk.religion.misc/83474,19
/data/mini_newsgroups/talk.religion.misc/83480,19
/data/mini_newsgroups/talk.religion.misc/83518,19
/data/mini_newsgroups/talk.religion.misc/83535,19
/data/mini_newsgroups/talk.religion.misc/83548,19
/data/mini_newsgroups/talk.religion.misc/83558,19
/data/mini_newsgroups/talk.religion.misc/83563,19
/data/mini_newsgroups/talk.religion.misc/83564,19
/data/mini_newsgroups/talk.religion.misc/83567,19
/data/mini_newsgroups/talk.religion.misc/83571,19
/data/mini_newsgroups/talk.religion.misc/83574,19
/data/mini_newsgroups/talk.religion.misc/83575,19
/data/mini_newsgroups/talk.religion.misc/83599,19
/data/mini_newsgroups/talk.religion.misc/83601,19
/data/mini_newsgroups/talk.religion.misc/83618,19
/data/mini_newsgroups/talk.religion.misc/83641,19
/data/mini_newsgroups/talk.religion.misc/83645,19
/data/mini_newsgroups/talk.religion.misc/83673,19
/data/mini_newsgroups/talk.religion.misc/83678,19
/data/mini_newsgroups/talk.religion.misc/83682,19
/data/mini_newsgroups/talk.religion.misc/83683,19
/data/mini_newsgroups/talk.religion.misc/83717,19
/data/mini_newsgroups/talk.religion.misc/83719,19
/data/mini_newsgroups/talk.religion.misc/83730,19
/data/mini_newsgroups/talk.religion.misc/83732,19
/data/mini_newsgroups/talk.religion.misc/83742,19
/data/mini_newsgroups/talk.religion.misc/83748,19
/data/mini_newsgroups/talk.religion.misc/83750,19
/data/mini_newsgroups/talk.religion.misc/83751,19
/data/mini_newsgroups/talk.religion.misc/83763,19
/data/mini_newsgroups/talk.religion.misc/83771,19
/data/mini_newsgroups/talk.religion.misc/83773,19
/data/mini_newsgroups/talk.religion.misc/83775,19
/data/mini_newsgroups/talk.religion.misc/83780,19
/data/mini_newsgroups/talk.religion.misc/83785,19
/data/mini_newsgroups/talk.religion.misc/83788,19
/data/mini_newsgroups/talk.religion.misc/83790,19
/data/mini_newsgroups/talk.religion.misc/83791,19
/data/mini_newsgroups/talk.religion.misc/83796,19
/data/mini_newsgroups/talk.religion.misc/83797,19
/data/mini_newsgroups/talk.religion.misc/83798,19
/data/mini_newsgroups/talk.religion.misc/83807,19
/data/mini_newsgroups/talk.religion.misc/83817,19
/data/mini_newsgroups/talk.religion.misc/83827,19
/data/mini_newsgroups/talk.religion.misc/83829,19
/data/mini_newsgroups/talk.religion.misc/83843,19
/data/mini_newsgroups/talk.religion.misc/83861,19
/data/mini_newsgroups/talk.religion.misc/83862,19
/data/mini_newsgroups/talk.religion.misc/83866,19
/data/mini_newsgroups/talk.religion.misc/83898,19
/data/mini_newsgroups/talk.religion.misc/83900,19
/data/mini_newsgroups/talk.religion.misc/83919,19
/data/mini_newsgroups/talk.religion.misc/83977,19
/data/mini_newsgroups/talk.religion.misc/83979,19
/data/mini_newsgroups/talk.religion.misc/83981,19
/data/mini_newsgroups/talk.religion.misc/83983,19
/data/mini_newsgroups/talk.religion.misc/84053,19
/data/mini_newsgroups/talk.religion.misc/84060,19
/data/mini_newsgroups/talk.religion.misc/84068,19
/data/mini_newsgroups/talk.religion.misc/84083,19
/data/mini_newsgroups/talk.religion.misc/84103,19
/data/mini_newsgroups/talk.religion.misc/84115,19
/data/mini_newsgroups/talk.religion.misc/84120,19
/data/mini_newsgroups/talk.religion.misc/84152,19
/data/mini_newsgroups/talk.religion.misc/84164,19
/data/mini_newsgroups/talk.religion.misc/84178,19
/data/mini_newsgroups/talk.religion.misc/84194,19
/data/mini_newsgroups/talk.religion.misc/84195,19
/data/mini_newsgroups/talk.religion.misc/84212,19
/data/mini_newsgroups/talk.religion.misc/84244,19
/data/mini_newsgroups/talk.religion.misc/84251,19
/data/mini_newsgroups/talk.religion.misc/84255,19
/data/mini_newsgroups/talk.religion.misc/84278,19
/data/mini_newsgroups/talk.religion.misc/84290,19
/data/mini_newsgroups/talk.religion.misc/84293,19
/data/mini_newsgroups/talk.religion.misc/84302,19
/data/mini_newsgroups/talk.religion.misc/84309,19
/data/mini_newsgroups/talk.religion.misc/84316,19
/data/mini_newsgroups/talk.religion.misc/84317,19
/data/mini_newsgroups/talk.religion.misc/84324,19
/data/mini_newsgroups/talk.religion.misc/84345,19
/data/mini_newsgroups/talk.religion.misc/84350,19
/data/mini_newsgroups/talk.religion.misc/84351,19
/data/mini_newsgroups/talk.religion.misc/84355,19
/data/mini_newsgroups/talk.religion.misc/84356,19
/data/mini_newsgroups/talk.religion.misc/84359,19
/data/mini_newsgroups/talk.religion.misc/84398,19
/data/mini_newsgroups/talk.religion.misc/84400,19
/data/mini_newsgroups/talk.religion.misc/84413,19
/data/mini_newsgroups/talk.religion.misc/84436,19
/data/mini_newsgroups/talk.religion.misc/84510,19
/data/mini_newsgroups/talk.religion.misc/84567,19
